personwd	Fabio_Taglioni	Q1345735
personwd	Mariotto_Albertinelli	Q436823
personwd	Phil_Zimmermann	Q455938
personwd	Vincent_Alsop	Q7931653
personwd	Bartholomaeus_Nigrinus	Q4865210
personwd	John_Bacon_(sculptor,_born_1740)	Q918565
personwd	Gordon_McBean	Q5585522
personwd	Pieter_Brueghel_the_Younger	Q255828
personwd	Samuel_Blommaert	Q1880251
personwd	Joanna_Baillie	Q463302
personwd	Hosea_Ballou	Q5907257
personwd	Giuseppe_Marc'Antonio_Baretti	Q741900
personwd	Joshua_Barnes	Q3186021
personwd	Thomas_Barnes_(journalist)	Q7787404
personwd	Théodore_Barrière	Q1974901
personwd	Edward_Pococke	Q1748131
personwd	Adam_Loftus,_1st_Viscount_Loftus	Q4679420
personwd	Jan_Janssonius	Q949492
personwd	Thomas_Sheraton	Q945180
personwd	Peg_Woffington	Q509201
personwd	John_Brougham	Q6223414
personwd	Fritz_Houtermans	Q68516
personwd	Alexander_Neckam	Q1974885
personwd	Philip_Doddridge	Q2718478
personwd	Joseph_Ames_(author)	Q6281028
personwd	Solomon_Stoddard	Q2299256
personwd	Lucy_Clifford	Q4223985
personwd	Fergus_Hume	Q866496
personwd	Caspar_Schoppe	Q87581
personwd	James_Biddle	Q3129637
personwd	Francisco_Keil_do_Amaral	Q734130
personwd	Siegfried_Bing	Q66112
personwd	David_Brower	Q3017571
personwd	Kenneth_Rexroth	Q516447
personwd	Pieter_Aertsen	Q326548
personwd	Sir_Godfrey_Copley,_2nd_Baronet	Q981207
personwd	Thomas_Chippendale,_the_younger	Q7788393
personwd	John_Hawkwood	Q323446
personwd	Cristofano_Allori	Q352482
personwd	Charles_Eastlake	Q5077219
personwd	Charles_Carroll_(barrister)	Q5076118
personwd	Lucas_van_Leyden	Q320980
personwd	Baine_Kerr	Q4848556
personwd	Alfred_Sauvy	Q13524
personwd	Alexandra_Adler	Q455491
personwd	Matthew_Tilghman	Q6791326
personwd	Herbert_Danby	Q14945693
personwd	Todd_Jay_Weinstein	Q7812460
personwd	Gabriele_Rossetti	Q1490588
personwd	Enrico_Caterino_Davila	Q3054623
personwd	Scott_S._Sheppard	Q310490
personwd	Carlo_Fea	Q470377
personwd	Joseph_Wolpe	Q565495
personwd	Francis_Palgrave	Q1340378
personwd	Alexander_Mitscherlich_(psychologist)	Q67449
personwd	Eugène_Lanti	Q52580
personwd	Ozias_Humphry	Q1413495
personwd	Hans_Knirsch	Q832775
personwd	Henry_Wise_(gardener)	Q1780893
personwd	Joseph_Wilton	Q6288018
personwd	Lucas_Vázquez_de_Ayllón	Q1028779
personwd	Robert_Thomas_Jones_(engineer)	Q4901639
personwd	Rob_Hume	Q2372265
personwd	C._J._Bulliet	Q5126620
personwd	Francesco_Bianchini	Q1440942
personwd	Otto_Sverdrup	Q321261
personwd	Alessandro_Tassoni	Q475477
personwd	Emmanuel_Liais	Q1338357
personwd	Benjamin_W._Crowninshield	Q4889340
personwd	Jacob_de_Wit	Q3117749
personwd	Charles_Hatfield	Q431112
personwd	Jim_Flegg	Q6195002
personwd	Jenny_Nyström	Q3100592
personwd	Thomas_Bambridge	Q7787356
personwd	Carlo_Scarpa	Q51137
personwd	Brooks_Stevens	Q1770456
personwd	Jules_Joseph_Lefebvre	Q433973
personwd	Rosser_Reeves	Q204950
personwd	Hannah_Webster_Foster	Q441515
personwd	Thomas_P._Jones	Q7792937
personwd	Edgar_J._Goodspeed	Q3567041
personwd	Gaby_Kennard	Q5516157
personwd	Édouard_Baldus	Q71244
personwd	Benjamin_Chew_Howard	Q593370
personwd	John_William_Wallace	Q6264275
personwd	Francis_Bowen	Q5480298
personwd	Giuseppe_Terragni	Q458653
personwd	François_Lionet	Q5493329
personwd	Giovanni_Battista_Hodierna	Q55007799
personwd	Hester_Chapone	Q1796535
personwd	Louisa_Stuart_Costello	Q4235288
personwd	Catherine_Maria_Fanshawe	Q5052806
personwd	Stephen_Champlin	Q7608877
personwd	Jutta_Rabe	Q4348663
personwd	Leonardo_Agostini	Q1054161
personwd	Karl_Merkatz	Q43770
personwd	Julien_Benda	Q155270
personwd	Charles_Fenno_Hoffman	Q352023
personwd	Gabriel_Read	Q2424105
personwd	Théophile_Steinlen	Q706041
personwd	Simon_Episcopius	Q2004448
personwd	Lucy_Hutchinson	Q6698372
personwd	Joseph_Kirkland	Q6284618
personwd	John_Gilbert_(naturalist)	Q1700218
personwd	William_Nelson_Page	Q8016074
personwd	Eero_Aarnio	Q707025
personwd	Joseph_von_Hammer-Purgstall	Q89546
personwd	Thomas_Rickman	Q323785
personwd	Giambattista_Andreini	Q1134183
personwd	Robert_Goldsborough	Q7344837
personwd	John_Hall_(Maryland_politician)	Q16230345
personwd	Robert_Alter	Q4112220
personwd	John_Goodwin_(preacher)	Q6235719
personwd	Richard_Schwartz_(mathematician)	Q3893370
personwd	Jonathan_Glancey	Q1170643
personwd	Tommy_Windich	Q1425203
personwd	Frederic_Bancroft	Q5496982
personwd	Cyrus_Adler	Q3699936
personwd	Fathi_Arafat	Q981221
personwd	Manès_Sperber	Q78706
personwd	Robert_Hermann_Schomburgk	Q62118
personwd	Meyrick_Goulburn	Q6826553
personwd	Jeri_Ellsworth	Q34965
personwd	Anne_Françoise_Elisabeth_Lange	Q3275910
personwd	William_Ward_Burrows_II	Q8020012
personwd	Clinton_Edward_Dawkins	Q5134109
personwd	Robert_Henley_(naval_officer)	Q1916583
personwd	Tomás_de_Iriarte	Q135326
personwd	Bernard_Faucon	Q2897884
personwd	Mary_Ann_Vincent	Q6778925
personwd	Andrews_Norton	Q4759097
personwd	Alanis_Obomsawin	Q637195
personwd	Trudi_Canavan	Q256821
personwd	W._L._George	Q5756011
personwd	René_Benjamin	Q3141758
personwd	Edward_Lloyd_(Continental_Congress)	Q5344185
personwd	Mauricio_de_Sousa	Q657432
personwd	Laurens_Perseus_Hickok	Q1808043
personwd	Frederick_Smith_(entomologist)	Q1375075
personwd	Samuel_Sterett	Q1203736
personwd	Philip_Key_(American_politician)	Q219450
personwd	Karl_Otto_Pöhl	Q97051
personwd	Philarète_Chasles	Q962402
personwd	Jef_Geeraerts	Q1394484
personwd	Bartolomeo_Borghesi	Q581258
personwd	John_Miley	Q6248737
personwd	Issachar_Berend_Lehmann	Q75614
personwd	Kenneth_Hare	Q421734
personwd	Henry_Wharton_(writer)	Q1243170
personwd	Leffmann_Behrends	Q1678546
personwd	William_Burt_Pope	Q8006194
personwd	Geoffrey_Fenton	Q1502972
personwd	Russell_Brockbank	Q7381383
personwd	Anna_Trapnel	Q4767556
personwd	Samuel_Cooper_(painter)	Q1382316
personwd	Lawrence_Humphrey	Q1807996
personwd	Laleh_Seddigh	Q542437
personwd	James_Bright	Q15513126
personwd	Karim_Rashid	Q718039
personwd	Owen_Jones_(antiquary)	Q7114529
personwd	Vincenzo_Lunardi	Q2307274
personwd	Luc_Donckerwolke	Q984210
personwd	Robert_Walsh_(diplomat)	Q7350838
personwd	William_Chaffey	Q8006669
personwd	Max_Emanuel_Ainmiller	Q571009
personwd	Harrison_Salisbury	Q2585413
personwd	Carolus_Sigonius	Q544176
personwd	Erik_Palmén	Q3268888
personwd	Frank_Farrelly	Q1443227
personwd	Paul_Saffo	Q7153403
personwd	Johannes_Brenz	Q64128
personwd	Anders_Fryxell	Q1959091
personwd	Alexander_Grant_Dallas	Q4719002
personwd	Michael_Banim	Q3308017
personwd	Émile_Henry_(anarchist)	Q285998
personwd	Thomas_Cooper_(American_politician,_born_1759)	Q2382927
personwd	Kaj_Franck	Q909809
personwd	David_Carnegie,_4th_Earl_of_Northesk	Q3703132
personwd	Josef_Nesvadba	Q174208
personwd	Óscar_Domínguez	Q293314
personwd	Henry_Stevens_(bibliographer)	Q15506342
personwd	William_Ogilvie_(Ardglass)	Q8016317
personwd	Mary_Abigail_Dodge	Q6778774
personwd	Alma_Preinkert	Q4733590
personwd	Charlotte_Adams_(mountain_climber)	Q5085820
personwd	William_McKendree	Q8015455
personwd	Archibald_Colquhoun_(politician)	Q4786272
personwd	Sir_James_Montgomery,_1st_Baronet	Q7527468
personwd	William_Hutchinson_(superintendent)	Q8012741
personwd	Samuel_Green_(freedman)	Q7411530
personwd	Cornelis_de_Bruijn	Q2535359
personwd	John_S._Duncan	Q6256238
personwd	Marion_Dönhoff	Q62443
personwd	Alan_Heusaff	Q2830523
personwd	Henfil	Q1999056
personwd	Robert_Aitken_(publisher)	Q5544753
personwd	James_Archer_(artist)	Q1069608
personwd	Joseph_Stevens_Buckminster	Q6287188
personwd	André_Turcat	Q2848727
personwd	Kenneth_Allen_(physicist)	Q6389807
personwd	Cephas_Thompson	Q5063492
personwd	Waldo_K._Lyon	Q7961571
personwd	Simon_Willard	Q7520049
personwd	Firmin_Didot	Q1368849
personwd	Frederick_Dielman	Q5497657
personwd	Dimitris_Horn	Q1226025
personwd	Samuel_Bowles_(journalist)	Q7410959
personwd	David_Sherman_Boardman	Q5239734
personwd	Edmond_Jurien_de_La_Gravière	Q963637
personwd	Joseph_Addison_Alexander	Q6280911
personwd	Raphaël_Confiant	Q2068218
personwd	Mathurin_Régnier	Q1238646
personwd	Henry_Coxe	Q1239304
personwd	Aleksei_Kapler	Q2834368
personwd	John_Henry_Boalt	Q6238740
personwd	John_Campbell_Brown	Q2352981
personwd	Leo_Lionni	Q964731
personwd	John_Maddison_Morton	Q6246357
personwd	Nicholas_Trivet	Q1751724
personwd	Louis_Pouzin	Q3083180
personwd	Fortunio_Liceti	Q1088345
personwd	Yō_Takeyama	Q8062636
personwd	Henry_Widdowson	Q5730119
personwd	Dagny_Juel	Q455379
personwd	Carlo_Passaglia	Q338801
personwd	Benjamin_Mackall_IV	Q4888996
personwd	Martin_Pring	Q430202
personwd	Mary_Eileen_Ahern	Q6779390
personwd	Richmal_Mangnall	Q7330718
personwd	Julia_Brace	Q6306224
personwd	Robert_Slimbach	Q1372822
personwd	Fulwar_Craven,_4th_Baron_Craven	Q5508510
personwd	Giovan_Battista_Cini	Q3106940
personwd	Jean_Bolland	Q554434
personwd	Francesco_Robortello	Q1751281
personwd	Jared_Eliot	Q6159950
personwd	Robert_Copland	Q266609
personwd	Pietro_Alcionio	Q3903627
personwd	John_D._Henley	Q2319490
personwd	Jeremy_Greenwood	Q6181404
personwd	George_Christy	Q5537906
personwd	Bengt_af_Klintberg	Q817246
personwd	Peter_Paphides	Q7176294
personwd	Rémy_Ceillier	Q3456130
personwd	Claudius_Amyand_(surgeon)	Q2688728
personwd	Abbé_Aubert	Q1684952
personwd	Harry_Marshall_Ward	Q727999
personwd	Robert_H._Waterman_Jr.	Q7345128
personwd	Juan_Fernández_(explorer)	Q960988
personwd	Gene_Forrell	Q5531215
personwd	Abbé_de_Coulmier	Q3086174
personwd	Lawrence_A._Hyland	Q1809111
personwd	J._Elmer_Spyglass	Q6105598
personwd	Victor_Civita	Q524024
personwd	Steven_T._Byington	Q5591211
personwd	George_Harris_(theologian)	Q5540267
personwd	William_Aikman_(writer)	Q8004198
personwd	Eva_Figes	Q216098
personwd	Thomas_Bock	Q7787722
personwd	Giacomo_Manzù	Q505010
personwd	Samuel_Bemis	Q7410903
personwd	Zoé_Talon_du_Cayla	Q227101
personwd	Thomas_Pope	Q7793209
personwd	Davis_Rich_Dewey	Q5241956
personwd	Sarah_Stickney_Ellis	Q7422803
personwd	Léonard_Limosin	Q1879480
personwd	Georg_Wolfgang_Franz_Panzer	Q65451
personwd	Diane_McWhorter	Q5271526
personwd	Archibald_Campbell,_1st_Baron_Blythswood	Q4786242
personwd	Henry_Luttrell_(wit)	Q5725199
personwd	Peter_Parker_(physician)	Q344417
personwd	Aleksander_Józef_Lisowski	Q2471132
personwd	Raffaele_Sacco	Q3929164
personwd	Maurice_Viollette	Q3301513
personwd	Jean_Delumeau	Q767691
personwd	Charles_Alphonse_du_Fresnoy	Q1063557
personwd	Maria_Sibylla_Merian	Q62530
personwd	Rupert_Alfred_Kettle	Q7380242
personwd	John_Yealland	Q6265129
personwd	Ashok_Gadgil	Q4805732
personwd	Lotti_van_der_Gaag	Q2843600
personwd	Gareth_Jones_(actor)	Q1568421
personwd	Jonathan_Dickinson	Q6272947
personwd	Sarah_Hall_Boardman	Q7422362
personwd	Eliza_Daniel_Stewart	Q5362121
personwd	Ada_Leverson	Q273170
personwd	John_Tootoosis	Q15499823
personwd	Pablo_Manlapit	Q7121675
personwd	Christer_Dahl	Q5109186
personwd	Antony_Burgmans	Q4777197
personwd	Severn_Teackle_Wallis	Q4778733
personwd	Hugh_Henry_Brackenridge	Q973734
personwd	Carlo_Ridolfi	Q776990
personwd	Georges_de_Feure	Q1921617
personwd	Jacques_Gervais,_baron_Subervie	Q3157954
personwd	Lixion_Avila	Q6659951
personwd	Frederic_de_Forest_Allen	Q5497179
personwd	George_Parker_Winship	Q5543200
personwd	Alexander_Q._Holladay	Q4719894
personwd	John_Gennings	Q6235068
personwd	Román_Rodríguez_(politician)	Q1367126
personwd	Ephraim_Emerton	Q5382264
personwd	Eduard_Vojan	Q5340486
personwd	Richard_Gottheil	Q372586
personwd	Francis_Ellingwood_Abbot	Q3513783
personwd	Espen_Eckbo	Q5398817
personwd	Fielding_Lucas_Jr.	Q1411601
personwd	Kathryn_Gustafson	Q3194099
personwd	Frances_Ann_Tasker_Carter	Q16207463
personwd	George_London_(landscape_architect)	Q4582530
personwd	Gustav_Niemann	Q105429
personwd	Jane_Arraf	Q6151123
personwd	Josonia_Palaitis	Q16734034
personwd	Daniel_Tobin	Q5218929
personwd	Louis_Anquetin	Q287524
personwd	Reuben_Guild	Q7317457
personwd	Pietro_Giordani	Q1092339
personwd	Mike_Ware_(photographer)	Q6849215
personwd	Joseph_Cilley_(1734–1799)	Q6282129
personwd	Chaim_Menachem_Rabin	Q88913
personwd	William_Cumberland_Cruikshank	Q904537
personwd	Fama_Diagne_Sène	Q3064841
personwd	Albert_Chevallier_Tayler	Q595359
personwd	Robert_Richford_Roberts	Q7349283
personwd	Eliakim,_son_of_Hilkiah	Q9252684
personwd	Souhaila_Andrawes	Q468944
personwd	William_R._Dickinson	Q2580293
personwd	Hendrik_Christian_Andersen	Q2251362
personwd	Amory_Dwight_Mayo	Q4747800
personwd	John_Fortescue_(historian)	Q6233717
personwd	Mathilda_Wrede	Q459855
personwd	Lena_Martell	Q178891
personwd	William_Amelio	Q16149161
personwd	Olaf_Frederick_Nelson	Q6005106
personwd	Giulio_Strozzi	Q3769792
personwd	Nathaniel_Mist	Q6969774
personwd	Michelle_Cliff	Q6836968
personwd	Ti-Hua_Chang	Q7799962
personwd	Lukas_Bonnier	Q3439837
personwd	Ernest_DeWitt_Burton	Q5392957
personwd	Lieven_Bauwens	Q2099801
personwd	Pieter_Johannes_van_Rhijn	Q2541050
personwd	Gideon_Shryock	Q5559661
personwd	Anthony_Merry	Q4773087
personwd	Robert_Chapman_Turner	Q7342664
personwd	Maciej_Kazimierz_Sarbiewski	Q471723
personwd	Henry_Ware_Jr.	Q5729858
personwd	Beshara_Doumani	Q4896234
personwd	Tilo_Baumgärtel	Q1360374
personwd	John_Lind_(female_impersonator)	Q6244861
personwd	Barry_Yelverton,_5th_Viscount_Avonmore	Q4864919
personwd	Fred_Harris_(presenter)	Q5495383
personwd	Nicola_Coleti	Q7028984
personwd	Eusebi_Güell	Q464640
personwd	Daniel_Wadsworth	Q5219006
personwd	James_Carroll_(Maryland_politician)	Q1674104
personwd	Felice_Casorati	Q574616
personwd	Filippo_Buonarroti	Q5448705
personwd	Henrique_de_Curitiba	Q281507
personwd	Louise_Taft	Q1116352
personwd	Sam_Isaacs	Q18418692
personwd	Artyom_Borovik	Q4094240
personwd	Morrill_Wyman	Q6913550
personwd	Andrea_Matteo_Acquaviva	Q3615841
personwd	Jonas_Phillips	Q6272211
personwd	Harry_Wexler	Q5673324
personwd	Jan_Scherman	Q6097175
personwd	Peter_Martyr_d'Anghiera	Q163381
personwd	John_Bertram_Phillips	Q6221743
personwd	William_Williams_(artist)	Q3569029
personwd	Erik_Wijk	Q2889524
personwd	Robert_Alan_Mowbray_Stevenson	Q3434408
personwd	Claire_Martin_(meteorologist)	Q5125259
personwd	Walter_Wangerin_Jr.	Q6232142
personwd	Isaac_Touro	Q6077226
personwd	John_Chavis	Q6225832
personwd	Abraham-Joseph_Bénard	Q3073644
personwd	Cornelius_Rea_Agnew	Q5171441
personwd	Philippe-Alexandre_Le_Brun_de_Charmettes	Q3379133
personwd	Jonathan_Backhouse	Q6272481
personwd	Ignaz_von_Olfers	Q214962
personwd	George_Shaw_(artist)	Q5544473
personwd	Richard_Buchta	Q85584
personwd	Nicholas_Christofilos	Q382535
personwd	Li_Fang_(Song_dynasty)	Q253490
personwd	Walter_Howchin	Q7965177
personwd	Gül_Baba	Q1384097
personwd	William_Macarthur	Q8014978
personwd	Sandra_Studer	Q116323
personwd	Frank_Reynolds_(artist)	Q3082780
personwd	Channing_Pollock_(writer)	Q2956128
personwd	Carl_Joachim_Friedrich	Q77442
personwd	Georg_Nees	Q5535768
personwd	John_Clayton_Adams	Q4331509
personwd	George_Henry_Verrall	Q5540493
personwd	Kjersti_Elvik	Q6419463
personwd	Boris_Brutskus	Q4097302
personwd	Clement_Plumsted	Q5131389
personwd	Wynford_Dore	Q8040147
personwd	Karl_Kreil	Q85522
personwd	Elsie_M._Burrows	Q4814932
personwd	Carl_Johan_De_Geer	Q5040382
personwd	Jesse_Shera	Q6186849
personwd	Ethan_Allen_Andrews_(lexicographer)	Q5402877
personwd	Peter_A._Singer	Q7172444
personwd	Gustav_Hellmann	Q70610
personwd	Ezra_Ames	Q5423324
personwd	John_Arnott	Q6219448
personwd	Dermot_P._Kelleher	Q5262840
personwd	Simone_Luzzatto	Q508079
personwd	Juan_Bordes	Q6299065
personwd	Nir_Rosen	Q7039832
personwd	Henry_de_Lesquen	Q3133201
personwd	Anthony_Morris_(I)	Q4773147
personwd	Phillip_Kellam	Q7185719
personwd	Pierre_Allain	Q3383695
personwd	William_Tietkens	Q8010962
personwd	Per_Theodor_Haugen	Q7166819
personwd	Stig_Lindberg	Q353605
personwd	Marie_France	Q732921
personwd	Osmond_Fisher	Q961502
personwd	Richard_Thomas_Baker	Q7329451
personwd	Edmund_Pearson	Q5339727
personwd	Jake_Halpern	Q6124712
personwd	Ercole_Bottrigari	Q4095200
personwd	Bernard_Stewart,_3rd_Lord_of_Aubigny	Q2747051
personwd	Enid_J._Wilson	Q5378874
personwd	Ferdinand_Kramer	Q97434
personwd	Vera_Scarth-Johnson	Q4815009
personwd	Jean_Leclant	Q329349
personwd	Paul_Alexander_Zino	Q6378975
personwd	James_Leander_Cathcart	Q15488275
personwd	Rose_Summerfield	Q1560518
personwd	Archer_Alexander	Q4785939
personwd	William_Maclay_Awl	Q8015007
personwd	Peter_Rost_(doctor)	Q6165839
personwd	Erik_Lindegren	Q1276321
personwd	Laurence_Coughlan	Q6500552
personwd	Alfred_Maurstad	Q1778602
personwd	J._Franklin_Jameson	Q1700116
personwd	Allen_Pearson	Q4731820
personwd	Adrien_Philippe	Q377144
personwd	Wilson_Jameson	Q4020294
personwd	Noël_Brûlart_de_Sillery	Q3345781
personwd	Francis_Penrose	Q3750942
personwd	Alan_Needleman	Q4707416
personwd	Marcello_Nizzoli	Q555508
personwd	Lennart_Bengtsson	Q5570282
personwd	Henry_Hart_(author)	Q15487385
personwd	Shealtiel	Q2256348
personwd	John_Henry_Alexander	Q6238720
personwd	Karl_Dedecius	Q74252
personwd	Oscar_Sonneck	Q3886456
personwd	Erik_Hivju	Q4585283
personwd	Sig_Shore	Q7511891
personwd	Little_Walter_DeVenne	Q16207131
personwd	Claude_Roy_(poet)	Q867852
personwd	Peter_Coles	Q3376510
personwd	Eric_Hodgins	Q5386740
personwd	Cassiano_dal_Pozzo	Q1048333
personwd	Peter_Birro	Q3444631
personwd	Robert_Thelen	Q2158968
personwd	Arlene_Croce	Q4792144
personwd	Thomas_Gilbert_(politician)	Q7790031
personwd	Alfred_Molimard	Q1980031
personwd	Elisabeth_Cummings	Q5361447
personwd	Ward_Chipman_Jr.	Q7968984
personwd	Elaine_Feinstein	Q5353211
personwd	Lady_Mary_Dering	Q6470421
personwd	James_Barnes_(author)	Q6129372
personwd	Agnes_Bernelle	Q103132
personwd	William_Randell	Q8017359
personwd	John_Bowers_(diplomat)	Q6222655
personwd	Kent_Norman	Q6391846
personwd	Charles_Augustus_Aiken	Q15052199
personwd	Sir_Richard_Acton,_5th_Baronet	Q7528534
personwd	John_Radecki	Q6254084
personwd	Avishai_Dekel	Q2874416
personwd	May_Crommelin	Q15463324
personwd	Antonino_Diana	Q2857161
personwd	Domingo_Pérez_Minik	Q5290399
personwd	Martin_Asphaug	Q4580886
personwd	Sir_Walter_Palmer,_1st_Baronet	Q7529396
personwd	William_Petrie	Q8016835
personwd	Profiat_Duran	Q461521
personwd	Isaac_de_Vega	Q6077431
personwd	James_Alexander,_4th_Earl_of_Caledon	Q6128501
personwd	Pieter_Barbiers_(painter)	Q7192755
personwd	Bartholomeus_Barbiers	Q4865215
personwd	Pieter_Pietersz_Barbiers	Q580063
personwd	Andrew_Marshall_(print_journalist)	Q4757888
personwd	Niccolò_Orlandini	Q7024607
personwd	Christina_Jutterström	Q4957609
personwd	Giulio_Cesare_Cordara	Q3769564
personwd	George_Hewitt_Cushman	Q5540573
personwd	Louis_de_Tousard	Q4768070
personwd	John_Salusbury_Piozzi_Salusbury	Q6256557
personwd	Frank_Thiess	Q92319
personwd	Tom_Dixon_(industrial_designer)	Q7815594
personwd	Frans_Anneessens	Q3083817
personwd	René_Depestre	Q59581
personwd	Pierre_Louis_Alfred_Duprat	Q3386001
personwd	Charles_Ridgely_III	Q5082048
personwd	Emery_Walker	Q346323
personwd	Eben_Alexander_(educator)	Q5331592
personwd	Frances_Dove	Q5478606
personwd	Thomas_Cogswell_Upham	Q7788513
personwd	Symeon_of_Polotsk	Q561635
personwd	Bland_Holt	Q4924985
personwd	Bzovius	Q3603791
personwd	Syukuro_Manabe	Q3675789
personwd	Sarah_Peter	Q7422690
personwd	Poultney_Bigelow	Q7235577
personwd	Nicolas_Entel	Q6042207
personwd	Carsten_Byhring	Q346535
personwd	Arve_Opsahl	Q716993
personwd	Sverre_Wilberg	Q981732
personwd	Samuel_W._Morris	Q7412907
personwd	Filippo_della_Valle	Q2705609
personwd	Jahangir_Razmi	Q1397244
personwd	Benjamin_Bussey	Q4888354
personwd	Dmitry_Kovtun	Q1232708
personwd	Edgar_Albert_Smith	Q3047418
personwd	Lancaster_Lupton	Q6483221
personwd	Walter_George_Woolnough	Q7964937
personwd	Charles_Denner	Q1064099
personwd	Jean-Luc_Brédas	Q3167096
personwd	Charles_Conrad_Abbott	Q591957
personwd	Kemba_Smith_Pradia	Q6386864
personwd	William_Milnor	Q8015661
personwd	James_Cooley_Fletcher	Q6131701
personwd	Meredith_Bergmann	Q6818908
personwd	John_Anderson_Hartley	Q6219019
personwd	Ewa_Milewicz	Q274140
personwd	Hjalmar_Selander	Q773674
personwd	Pierre-Ignace_Aubert_de_Gaspé	Q7191996
personwd	Andrew_H._Knoll	Q505705
personwd	Dagmar_Berne	Q4793384
personwd	Antoine-Louis_Juchereau_Duchesnay	Q4775415
personwd	Joseph_Wilkes	Q6287952
personwd	Eva_Menasse	Q431884
personwd	Ladislav_Tauc	Q6469717
personwd	Jimmy_Knapp	Q16015179
personwd	Henry_Freeman_(lifeboatman)	Q5721614
personwd	Olga_Fröbe-Kapteyn	Q1624880
personwd	Julius_Sabbe	Q2208295
personwd	Charles_Arbuthnot_(abbot)	Q5075172
personwd	Claes_Gill	Q508323
personwd	Henny_Skjønberg	Q4572999
personwd	William_Rodman_(Pennsylvania_politician)	Q8017716
personwd	William_Edwin_Brooks	Q4357234
personwd	Edward_Barrett,_1st_Lord_Barrett_of_Newburgh	Q5341783
personwd	Derek_Lambie	Q5262124
personwd	Lois_White	Q6668401
personwd	Axel_Wachtmeister	Q6227912
personwd	Sister_Ignatia	Q7531120
personwd	Bernard_Charlès	Q2897681
personwd	Emile_Clement	Q5371542
personwd	Edward_Tyrrel_Channing	Q5345675
personwd	Fatima_Ahmed_Ibrahim	Q1398131
personwd	Christer_Sturmark	Q5109203
personwd	Mercator_Cooper	Q2396187
personwd	Tommaso_Fazello	Q3531260
personwd	Simon_Bedwell	Q7518255
personwd	Bernardino_Gatti	Q822909
personwd	Theo_Fabergé	Q2280064
personwd	Rebecca_Weintraub	Q4106019
personwd	John_Verney,_1st_Viscount_Fermanagh	Q6261940
personwd	William_L._Brent	Q1790499
personwd	Felice_Torelli	Q712531
personwd	Marjorie_Sinclair,_Baroness_Pentland	Q6766334
personwd	James_Johnstone,_1st_Earl_of_Hartfell	Q75266049
personwd	Mary_Scharlieb	Q4794208
personwd	Cristoforo_Munari	Q1081139
personwd	Angus_Snead_Macdonald	Q4764248
personwd	Claude_Renoir	Q719916
personwd	Moses_Levy_(Pennsylvanian)	Q6915856
personwd	Rudolf_Buchheim	Q67142
personwd	Zaid_Al-Harb	Q8064776
personwd	Richard_E._Blackwelder	Q7325351
personwd	Bob_Avian	Q4931700
personwd	Luke_White_(died_1824)	Q6702456
personwd	William_Ripley_Nichols	Q8017594
personwd	George_M._Darrow	Q5541937
personwd	Torill_Kove	Q462572
personwd	Jean-François_Bergier	Q124245
personwd	Norman_C._Stiles	Q7052030
personwd	Morton_Allport	Q6914817
personwd	Walter_Spencer-Stanhope_(1749–1822)	Q7966173
personwd	Mario_Balassi	Q1174322
personwd	Filippo_d'Angeli	Q3071925
personwd	Mildred_Brown	Q6850947
personwd	Mabel_Brookes	Q114168
personwd	David_Lindsay_(explorer)	Q24257
personwd	Constantino_Cajetan	Q3695464
personwd	John_Nixon_(financier)	Q6250533
personwd	John_Wolfe_Ambrose	Q6264734
personwd	William_Randolph_Barbee	Q8017360
personwd	Kenneth_Brown_(journalist)	Q6389903
personwd	William_Ruxton_Davison	Q733986
personwd	Ivy_May_Pearce	Q16014157
personwd	Mabel_Tylecote	Q6721533
personwd	Godfrey_Rolles_Driver	Q5576534
personwd	Angelo_Trevisani	Q536726
personwd	Anne_Loughlin	Q565519
personwd	Tobbe_Blom	Q5579401
personwd	Harry_Pelling_Gill	Q5671537
personwd	Heo_Se-uk	Q5731560
personwd	James_Brown_(publisher)	Q6130342
personwd	Alessandro_Gherardini	Q327785
personwd	Dan_Broström	Q4346188
personwd	Sarah_Norcliffe_Cleghorn	Q3950343
personwd	André_Édouard_Marty	Q2848902
personwd	Rosalía_Valdés	Q7367287
personwd	Charles_Cocks,_1st_Baron_Somers	Q5076351
personwd	Richard_Wilson_(author)	Q3071789
personwd	Marco_Zanuso	Q1394730
personwd	Joseph_Whitwell	Q6287930
personwd	Edward_Lipiński_(economist)	Q3719986
personwd	Abel_Posse	Q2324263
personwd	Kjell_Albin_Abrahamson	Q5541561
personwd	Marie_Boivin	Q3292391
personwd	George_Wesley_Buchanan	Q5546163
personwd	Otto_Carlmar	Q7109554
personwd	Richard_Lewington	Q7327364
personwd	Will_Lamartine_Thompson	Q8002932
personwd	John_Thomas_(sculptor)	Q1407390
personwd	Boryslav_Brondukov	Q894310
personwd	Benjamin_Minge_Duggar	Q1609345
personwd	Jacob_Cornelisz_van_Oostsanen	Q1029143
personwd	William_Bentley	Q8005429
personwd	Joseph_Netherclift	Q6285784
personwd	Samuel_Judah	Q20708151
personwd	Manuel_de_Sá	Q4403328
personwd	Ibn_Shaprut	Q965816
personwd	Sebastiano_Galeotti	Q3953755
personwd	Vincenzo_Meucci	Q1114165
personwd	Peter_J._N._Sinclair	Q7174885
personwd	George_Emlen_Hare	Q5538986
personwd	Mark_Lewis_(filmmaker)	Q6768591
personwd	George_Gray_(Pennsylvania_politician)	Q5539869
personwd	Michael_Chinery	Q3308105
personwd	Isaac_Norris_(mayor)	Q6076904
personwd	Sam_Garrison_(lawyer)	Q7407499
personwd	Robert_Wharton_(Philadelphia)	Q7350989
personwd	Stephen_Ormsby	Q2345017
personwd	Achilles_Statius	Q4673751
personwd	Bernardo_de_Rossi	Q4893980
personwd	Charles_Townsend_Copeland	Q5083008
personwd	Anne_Hummert	Q4768465
personwd	Stephen_Bamford	Q7608642
personwd	Edward_Randolph	Q5344983
personwd	Robert_Bowne_Minturn	Q7342254
personwd	Nicolas_Chaperon	Q2476960
personwd	Anatole_Le_Braz	Q487523
personwd	Thomas_Ashe_(poet)	Q7787167
personwd	Lester_Beall	Q6531814
personwd	Philippe_Apeloig	Q3379234
personwd	Alexandra_Zapruder	Q4720780
personwd	Larry_Namer	Q6490861
personwd	Auguste_Pierre_Chouteau	Q4821069
personwd	William_Frederick_Wells	Q8009414
personwd	Martin_B._Gold	Q1799070
personwd	Hippolyte_Lefèbvre	Q281698
personwd	Henry_Potez	Q3091262
personwd	Arnt_Eliassen	Q1789820
personwd	John_Gadsby_Chapman	Q2659120
personwd	Cesare_Baglioni	Q2946993
personwd	Stephen_Kettle	Q7609680
personwd	Edward_Nettleship	Q1293100
personwd	Samuel_Preston_(mayor)	Q7412419
personwd	Patricia_Urquiola	Q432294
personwd	Paulus_Manutius	Q941151
personwd	Charles_Washington_Baird	Q5083376
personwd	Isha_Basant_Joshi	Q6079862
personwd	Samuel_Morris_(soldier)	Q7412232
personwd	Kinokuniya_Bunzaemon	Q6414183
personwd	Henry_George_Bonavia_Hunt	Q5721872
personwd	Stephen_Grey	Q19668831
personwd	John_Salusbury_(diarist)	Q6256555
personwd	Levinus_Hulsius	Q1821925
personwd	Charles_Kellogg_(naturalist)	Q5079730
personwd	Fatima_Tlisova	Q5437865
personwd	Christine_Spengler	Q2965997
personwd	Charles_"Chuck"_Harrison	Q5074768
personwd	Jack_Pritchard_(furniture_designer)	Q6114685
personwd	Lydie_Salvayre	Q3269234
personwd	Gideon_Rachman	Q5559654
personwd	Maria_Gartman	Q2194775
personwd	Pieter_de_Grebber	Q512817
personwd	Hugo_Björne	Q5578294
personwd	Fredrik_Böök	Q325547
personwd	Grzegorz_Knapski	Q5612521
personwd	Tavi_Murray	Q7689090
personwd	Ona_Šimaitė	Q7091658
personwd	Wabokieshiek	Q7958709
personwd	Francis_Day_(artist)	Q16031001
personwd	Richard_Clarke_(merchant)	Q7324765
personwd	Jean-Marie_Massaud	Q432876
personwd	Aureliano_Milani	Q4822244
personwd	Abraham_Keteltas	Q4668959
personwd	Halsey_William_Wilson	Q5643527
personwd	Edward_N._Hines	Q5344573
personwd	Jean-Michel_Frank	Q262273
personwd	Achsa_W._Sprague	Q4673917
personwd	Giuseppe_Sabatelli	Q15455021
personwd	Jens_Christian_Bay	Q6179637
personwd	Doug_Peterson_(yacht_designer)	Q4360274
personwd	David_Love_(geologist)	Q5236773
personwd	Golan_Levin	Q5578394
personwd	Niccola_Ricciolini	Q7024553
personwd	James_Winthrop	Q6145723
personwd	R._Michael_Roberts	Q7273854
personwd	Roberts_Vaux	Q7352050
personwd	László_Péter	Q6710743
personwd	Julien_Mandel	Q730780
personwd	Maurice_Calka	Q3300528
personwd	Melesio_Morales	Q711959
personwd	Berit_Nesheim	Q456238
personwd	Samuel_Putnam_Avery	Q3819081
personwd	Nigel_Parry	Q16734203
personwd	Charles_Lloyd_(poet)	Q5080292
personwd	James_Gould_(jurist)	Q1680466
personwd	Giulio_Genoino	Q3769655
personwd	Guy_Deutscher_(linguist)	Q979363
personwd	Anette_S._Olsen	Q4761752
personwd	Andrea_Leone_Tottola	Q1152842
personwd	John_Rushout,_2nd_Baron_Northwick	Q6255944
personwd	Åge_Korsvold	Q8077118
personwd	John_W._E._Bowen_Sr.	Q6262249
personwd	Frederick_William_Thomas_(writer)	Q5499110
personwd	Robert_Radford	Q7349138
personwd	Harriet_Winslow	Q5664379
personwd	Yoji_Totsuka	Q1701864
personwd	William_McRee	Q8015511
personwd	Vladimir_Sukachev	Q386698
personwd	Granville_Penn	Q5596929
personwd	Christian_Hoffmann_von_Hoffmannswaldau	Q64278
personwd	Lucien_Berland	Q1873379
personwd	Ole-Jørgen_Nilsen	Q2018977
personwd	Francis_Waters	Q5482704
personwd	Édouard_Lefèvre	Q8078130
personwd	James_Tilghman	Q15486184
personwd	Martin_Page_(French_author)	Q2916697
personwd	William_Duckett_Bowie	Q8008038
personwd	Giovanni_Casini	Q5563807
personwd	Thomas_Stapleton_(theologian)	Q1124636
personwd	Guglielmo_Sirleto	Q1230408
personwd	George_Onslow_(British_Army_officer)	Q5543040
personwd	Rebecca_Wolff	Q7301976
personwd	Richard_Siddoway_Bagnall	Q7329042
personwd	C._J._Allen_(sculptor)	Q5006135
personwd	Mary_Hayden_Pike	Q6779742
personwd	Thomas_Leland	Q7791806
personwd	Fremont_Rider	Q5501617
personwd	Anna_Maria_Thelott	Q3307858
personwd	Fabrizio_Gatti	Q1383336
personwd	George_Edmonds_(lawyer)	Q5538841
personwd	Giovanni_Ciampini	Q3767401
personwd	William_John_Fitzpatrick	Q8013617
personwd	Sturla_Berg-Johansen	Q7629072
personwd	Clifford_Last	Q1101292
personwd	George_Kingston_(meteorologist)	Q5541348
personwd	Howard_Fox	Q5919657
personwd	Alexis-François_Artaud_de_Montor	Q2834417
personwd	George_Walker_(vaudeville)	Q5545822
personwd	Luis_Sodiro	Q3266829
personwd	Élisabeth_Sophie_Chéron	Q93692
personwd	James_Irvine_(designer)	Q1680600
personwd	Henricus_Hondius_II	Q983261
personwd	Ingeranna_Krohn-Nydal	Q6032363
personwd	Harry_Escott	Q179108
personwd	Jules-Émile_Péan	Q781439
personwd	Achille_Gagliardi	Q4673703
personwd	Paolo_Vergani	Q7132257
personwd	St._Clair_McKelway	Q7587576
personwd	Giovanni_Vincenzo_Bolgeni	Q5564014
personwd	William_Paine_(physician)	Q8016538
personwd	Adolphe_Desbarrolles	Q2824807
personwd	Julian_Leonard_Street	Q15485804
personwd	Bill_Read	Q4910603
personwd	Walter_Colman	Q7964584
personwd	Girolamo_Casanate	Q427070
personwd	John_Le_Mesurier_(Alderney)	Q3173098
personwd	Paul_Ajlouny	Q7149021
personwd	Timoteo_Viti	Q1709100
personwd	Thomas_Martin_of_Palgrave	Q7792204
personwd	Russi_Karanjia	Q560145
personwd	Pierre_Bonnet_(naturalist)	Q1647786
personwd	Walter_Dickson_(author)	Q5621630
personwd	Adah_Belle_Thoms	Q4678392
personwd	Rose_B._Knox	Q7367637
personwd	Philip_Jones_of_Fonmon	Q7183865
personwd	Tom_Fenchel	Q4993341
personwd	Bertha_Brainard	Q15997308
personwd	William_Oliver_Stone	Q8016347
personwd	Giuseppe_Castiglione_(1829–1908)	Q5565375
personwd	James_Hewitt_(musician)	Q324418
personwd	Marit_Andreassen	Q6765710
personwd	William_Henry_Anderdon	Q8011875
personwd	Alberto_Meda	Q376694
personwd	James_Fowle_Baldwin	Q6134115
personwd	Anatole_Vakhnianyn	Q2068561
personwd	Nujoom_Al-Ghanem	Q6399913
personwd	Francis_Reichelderfer	Q14592780
personwd	John_Woodbridge	Q6264792
personwd	Felice_Bisleri	Q3068082
personwd	Karl_Nicklas_Gustavsson	Q5778368
personwd	Eric_Topol	Q5387640
personwd	Carl-Axel_Acking	Q1036433
personwd	Peter_Scriven	Q7176841
personwd	Antonio_Francesco_Gori	Q778529
personwd	Jules_Montenier	Q6305977
personwd	Pierre_Deland	Q4157025
personwd	Erik_Djurström	Q5388557
personwd	Stefan_Wahlberg	Q6228739
personwd	Jan_Wilsgaard	Q1368560
personwd	Diego_López_de_Cogolludo	Q2116002
personwd	Richard_Oswald_(merchant)	Q7328204
personwd	Kenneth_Emory	Q535757
personwd	Penny_Sparke	Q3374798
personwd	Nils_Almlöf	Q2061728
personwd	Knut_Almlöf	Q3816002
personwd	Edvard_Swartz	Q5341381
personwd	Leslie_Adkin	Q5541688
personwd	Walter_John_Burton	Q7965276
personwd	Douglas_Waples	Q5302078
personwd	Ted_Daeschler	Q7693113
personwd	Sir_John_Corbet,_1st_Baronet,_of_Sprowston	Q7527676
personwd	Robert_Nares	Q7347956
personwd	Peter_Maass	Q7175567
personwd	Lawrence_Torrentinus	Q3837101
personwd	Wenche_Kjølås	Q7982326
personwd	Cornelius_Lott_Shear	Q2596205
personwd	Adrian_John_Ebell	Q4685140
personwd	Jens_Ulltveit-Moe	Q6179868
personwd	Robert_Ball_Hughes	Q7341836
personwd	Franz_Meyers	Q75963
personwd	Lawrence_C._Wroth	Q6503903
personwd	Tony_Saint	Q7823334
personwd	Thorold_Barker	Q7796613
personwd	Leo_Villareal	Q6524309
personwd	Samuel_Warren_Abbott	Q7412888
personwd	James_E._Shepherd	Q6133212
personwd	William_T._Faircloth	Q8019060
personwd	Jenny_Bannister	Q6179155
personwd	Joseph_Hayes_(author)	Q550667
personwd	Abby_Hadassah_Smith	Q4664460
personwd	Ellen_MacGregor	Q5364926
personwd	Olive_Winchester	Q7087222
personwd	Niclas_Molinder	Q55381596
personwd	Jules_Allix	Q349485
personwd	Marguerite_Harl	Q3290706
personwd	Bartholomew_Gilbert	Q4865252
personwd	Théodore_Gudin	Q555885
personwd	Henry_Gleditsch	Q5722010
personwd	Harald_Grieg	Q328954
personwd	Liv_Thorsen	Q6654185
personwd	Reinhold_Schneider	Q77876
personwd	Willem_Sandberg	Q480473
personwd	Anne_O'Garra	Q4768689
personwd	Fiona_Watt	Q5451129
personwd	Alan_West_Brewer	Q4706240
personwd	Édouard_André_(consul)	Q8078098
personwd	Mary_Grew	Q30044454
personwd	Fred_Atkinson_(educator)	Q5494501
personwd	Dorcas_Muthoni	Q5297566
personwd	István_Beöthy	Q351323
personwd	Derek_Lundy	Q5262157
personwd	Tanveer_Ahmed_(psychiatrist)	Q7683929
personwd	Joachim_Sauter	Q1690437
personwd	Henry_Wood_Elliott	Q3133168
personwd	Alberto_Aguilera	Q3773729
personwd	William_Augustus_Stearns	Q8004703
personwd	Rubem_Valentim	Q7375939
personwd	James_Bertram_(Carnegie_secretary)	Q6129744
personwd	Tom_Hardy_(designer)	Q7816088
personwd	Angelo_Traina	Q4762979
personwd	Guillaume_Duprat	Q3119821
personwd	Cesare_Brandi	Q1056780
personwd	Anne_Ryg	Q4768775
personwd	Thomas_Offenberg_Backer	Q3428870
personwd	Diego_de_Pantoja	Q842493
personwd	Li_Sheng_(Tang_dynasty)	Q3237572
personwd	Christian_Isobel_Johnstone	Q5109767
personwd	Heinrich_von_Ficker	Q86095
personwd	Edward_Meeks_Gregory	Q5344426
personwd	Eliana_Benador	Q23759047
personwd	Naftali_Bezem	Q2906698
personwd	Paul_Wintrebert	Q7154448
personwd	Henry_Addison_DeLand	Q16031688
personwd	William_Foster_Apthorp	Q8009252
personwd	Li_Mian	Q6538971
personwd	Charles_Pierre_Claret_de_Fleurieu	Q2960015
personwd	Charles_Isidore_Douin	Q2959431
personwd	Henry_Brown_Fuller	Q5718714
personwd	Edward_Sheffield_Bartholomew	Q5345296
personwd	Françoise_Morvan	Q3086562
personwd	William_Radclyffe	Q8017318
personwd	Rudolf_Dulon	Q102297
personwd	Nicolas_Charles_Seringe	Q1385633
personwd	Robert_Bakewell_(geologist)	Q2156432
personwd	Dudley_Leavitt_(minister)	Q5311907
personwd	Kjell_Almskog	Q6419336
personwd	Alfred_Auvard	Q7192026
personwd	David_C._Parker	Q5232045
personwd	Irving_P._Krick	Q6074713
personwd	Constantine_Alexander_Ionides	Q5163793
personwd	Henri-Pierre_Danloux	Q3130459
personwd	Vlastislav_Hofman	Q2529643
personwd	Peter_Hollins_(sculptor)	Q7174708
personwd	M._O._T._Iyengar	Q79772378
personwd	John_Wheeler_Leavitt	Q6263729
personwd	Richard_Abidin	Q7323619
personwd	Monica_Poole	Q6900043
personwd	John_Farleigh	Q6232720
personwd	Ann_Morrison	Q4766582
personwd	Chad_Myers	Q5066317
personwd	Thomas_Barclay_(economic_writer)	Q5565726
personwd	Frank_Krog	Q1929677
personwd	Adams_Sherman_Hill	Q4680401
personwd	Henrik_Sylvén	Q5716557
personwd	Arthur_William_Hill	Q2593473
personwd	M._R._Rangaswami	Q6713036
personwd	Robert_Morris_Page	Q963902
personwd	Edward_Bacon_(died_1618)	Q5341698
personwd	Lana_Gordon	Q536959
personwd	Charles_César_de_Fay_de_La_Tour-Maubourg	Q1064020
personwd	Andrew_Hargrett	Q4757232
personwd	Susanne_Albers	Q9599
personwd	Vladimir_Tretyakov_(mathematician)	Q4462687
personwd	Eluned_Phillips	Q3400343
personwd	Léon_Matthieu_Cochereau	Q3271191
personwd	Al_Kaprielian	Q4704177
personwd	Britt_Langlie	Q4971550
personwd	Robert_Huggins	Q7345671
personwd	Mathurin_Crucy	Q3299027
personwd	Charles_Davis_Tillman	Q5076766
personwd	John_Astley_(painter)	Q6219650
personwd	Pierre_Humbert_(architect)	Q3385475
personwd	Abraham_Burton_Cohen	Q4668791
personwd	James_Macfadyen	Q3089419
personwd	Geoffrey_C._Bowker	Q3101066
personwd	Mortimer_Lewis	Q6914738
personwd	Philippe-Laurent_Roland	Q3379186
personwd	Miroslav_Hajn	Q6873945
personwd	George_Auriol	Q506373
personwd	Pierre_Le_Roy	Q664919
personwd	Michael_Whelan_(scientist)	Q1928044
personwd	Francis_Farley	Q15052128
personwd	Louis_Pierre_Henriquel-Dupont	Q320656
personwd	Ithiel_de_Sola_Pool	Q6094597
personwd	Leslie_Pietrzyk	Q6531077
personwd	Samuel_Alfred_Beadle	Q7410746
personwd	Richard_Yeo	Q7330133
personwd	Martha_Parke_Custis_Peter	Q1733526
personwd	Hugo_Perls	Q5934356
personwd	Roger_Averill	Q5562770
personwd	Winston_Ponder	Q456583
personwd	Fritiof_Fryxell	Q5504802
personwd	Albert_Henry_Payne	Q829682
personwd	Albert_Ranft	Q4711085
personwd	Abigail_Goodrich_Whittelsey	Q4667680
personwd	Neville_Henry_Cayley	Q7004713
personwd	Hans_Reinhold_von_Fersen	Q443290
personwd	William_Austin_(American_writer)	Q8004709
personwd	Mietek_Grocher	Q5772473
personwd	Phil_Bowen	Q7181723
personwd	Ida_Lilliard_Reed	Q5987078
personwd	Pär_Aron_Borg	Q2351886
personwd	Louise_Emerson_Ronnebeck	Q6688727
personwd	Edmund_Quincy_(1703–1788)	Q5339765
personwd	James_Eads_How	Q6133265
personwd	Luther_Cushing	Q6705537
personwd	Michael_Keppele	Q6831854
personwd	John_Watson_(American_painter)	Q3791302
personwd	Nicholas_Pelham	Q7026036
personwd	Calle_Örnemark	Q5021868
personwd	Mez_Packer	Q6826591
personwd	Dave_Jordano	Q5229058
personwd	Heinrich_Siedentopf	Q89067
personwd	Gudrun_Waadeland	Q3429850
personwd	Wilson_Lloyd	Q8023124
personwd	Marsham_Argles	Q6773887
personwd	William_Barlow_(dean_of_Peterborough)	Q8005071
personwd	Abbott_Hall_Brisbane	Q4664358
personwd	Knut_Åsdam	Q6424013
personwd	Alf_Nordvang	Q4721728
personwd	Arne_Thomas_Olsen	Q4580927
personwd	John_Bromley_(politician)	Q6223335
personwd	Matina_Horner	Q6787558
personwd	Benedito_Calixto	Q3325858
personwd	Anne_Joseph_Hippolyte_de_Maurès,_Comte_de_Malartic	Q2850796
personwd	Eilif_Peterssen	Q739176
personwd	Merle_Fainsod	Q6819677
personwd	Richard_Dawson_(Irish_politician,_born_1855)	Q7325132
personwd	William_L._Alden	Q1615369
personwd	Katherine_Oliver	Q6376503
personwd	Giovan_Battista_Nani	Q3106946
personwd	Amancio_Alcorta	Q453625
personwd	Edward_Stratford,_2nd_Earl_of_Aldborough	Q5345483
personwd	Mary_Scullion	Q4977823
personwd	Sackville_Stopford-Sackville	Q7396867
personwd	Jean-Paul_Aubé	Q2731089
personwd	Ephraim_Kirby	Q5382296
personwd	Effie_Louise_Power	Q5347466
personwd	François-Nicolas-Vincent_Campenon	Q2415943
personwd	Michael_Young_(businessman)	Q6835494
personwd	Nicolas-Germain_Léonard	Q970715
personwd	Edith_Guerrier	Q5338557
personwd	Charles_Martel_(librarian)	Q5080695
personwd	Denis_O'Brien_(producer)	Q5257430
personwd	Tarsem_King,_Baron_King_of_West_Bromwich	Q337081
personwd	Walter_R._Tschinkel	Q7965905
personwd	Maximilien_Vox	Q322131
personwd	Patrick_Hayes_(mariner)	Q7146679
personwd	Fredrik_Gertten	Q5499462
personwd	Rolf_Blomberg	Q943410
personwd	Gustav_Antonio_Gjessing	Q4887959
personwd	Samuel_McClellan	Q7412141
personwd	David_Hart_(political_activist)	Q5234767
personwd	Prema_Gopalan	Q7240190
personwd	Henri-Joseph_Ruxthiel	Q3130412
personwd	Otto_Kinkeldey	Q3887291
personwd	Harry_Roseland	Q5672022
personwd	Gerald_Nagler	Q86264
personwd	Jean_Vernette	Q3175013
personwd	Theodore_Wesley_Koch	Q7782099
personwd	William_Prescott_Jr.	Q8017058
personwd	Marwan_Bishara	Q6778550
personwd	Mary_Daly_(Australian_writer)	Q6779290
personwd	Rolf_Berntzen	Q5574176
personwd	Nathan_Webb_(Massachusetts_legislator)	Q16066337
personwd	Alison_Fell	Q4727070
personwd	Jack_Firestein	Q6112485
personwd	Albert_Riggenbach	Q4711109
personwd	Jordan_L._Mott	Q16227743
personwd	Lawrence_Mott	Q6504399
personwd	Rune_Larsen	Q4571999
personwd	Georges_Cochon	Q3102495
personwd	James_G._Dickson	Q6134338
personwd	Harald_Stormoen	Q3376497
personwd	Guri_Stormoen	Q3427901
personwd	Henrik_Lund_(painter)	Q4269428
personwd	Gustaf_Åbergsson	Q5621264
personwd	Sonya_Clark	Q7562570
personwd	John_Spencer_(priest)	Q953224
personwd	Martin_Goetz	Q13515761
personwd	Henry_Leslie_(bishop)	Q11805221
personwd	William_Kennedy_(explorer)	Q325573
personwd	Toralf_Sandø	Q6093535
personwd	Vasily_Nezabitovsky	Q4316237
personwd	Christian_Gierløff	Q5109643
personwd	Josep_Maria_Espinàs	Q3133221
personwd	Narayan_Dharap	Q6965477
personwd	John_Hyacinth_Power	Q6240556
personwd	Barnolt	Q4861864
personwd	Honorio_Delgado	Q303747
personwd	Carlos_Zéfiro	Q2939504
personwd	Cyrille_Duquet	Q3009124
personwd	Eric_P._Schmitt	Q5387230
personwd	Matthew_Todd_(writer)	Q6791332
personwd	Thomas_Maurice	Q7792239
personwd	Elio_Zagato	Q2683669
personwd	Antonio_Maria_Zanetti	Q944948
personwd	Patricia_DuBose_Duncan	Q7145561
personwd	Charles_John_Brydges	Q5079520
personwd	Albert_Messiah	Q450581
personwd	Moustapha_Alassane	Q3326300
personwd	Sarah_Bogle	Q7422154
personwd	Isadore_Gilbert_Mudge	Q6078399
personwd	Sven_Stolpe	Q1334444
personwd	Margaret_Scoggin	Q6759874
personwd	William_Harper_Pease	Q8010901
personwd	Frederic_G._Melcher	Q5497036
personwd	Caroline_Hewins	Q5045099
personwd	Gunnar_Ericsson	Q5618990
personwd	Sir_George_Tyler,_1st_Baronet	Q5545385
personwd	Walter_Lock	Q7965469
personwd	Elena_Milashina	Q1396156
personwd	Kenneth_Balfour	Q6390637
personwd	Georges_Guingouin	Q3102839
personwd	Frank_H._Shaw	Q5487031
personwd	Giulio_Cappellini	Q5565258
personwd	Jean_Toutin	Q6214373
personwd	Barbara_Heck	Q4858969
personwd	Thomas_Larkham	Q15440096
personwd	Jean-Dominique_Merchet	Q3165347
personwd	Stub_Wiberg	Q7627310
personwd	Samuel_Baines	Q7410853
personwd	James_Madison_Porter_III	Q16030414
personwd	Thomas_Ruckle	Q7793669
personwd	Thomas_Dibblee	Q7788966
personwd	John_Lam	Q108146959
personwd	Jean_Shinoda_Bolen	Q3294810
personwd	Earl_Cooley_(smokejumper)	Q5325802
personwd	Odd_Arvid_Strømstad	Q3433209
personwd	Almira_Fales	Q4733832
personwd	Leo_C._Young	Q6523603
personwd	Archibald_Magill_Fauntleroy	Q4786424
personwd	Gianfranco_Frattini	Q5558104
personwd	William_Mitchell_(Burnley_MP)	Q8015680
personwd	Ginny_Holder	Q5563193
personwd	Jules_Cardot	Q2504754
personwd	George_E._Bushnell	Q5538718
personwd	Mohan_Dharia	Q6893532
personwd	William_A._Conway_(actor)	Q8003930
personwd	Frederick_B._Conway	Q5497311
personwd	James_E._B._Baillie	Q6133537
personwd	Jesse_Chickering	Q6186221
personwd	Mabel_Daniels	Q6721537
personwd	Kate_Campbell_Hurd-Mead	Q6375411
personwd	Joseph_August_Knip	Q6281178
personwd	William_Talbot_Aveline	Q8019163
personwd	Morten_Rudå	Q6914517
personwd	Francis_Nimmo	Q3787331
personwd	Janie_Marèse	Q3161967
personwd	Robert_P._Crease	Q7348212
personwd	Erich_Reich	Q5388093
personwd	Walter_Shenson	Q7966125
personwd	Lakshmi_Singh	Q6479921
personwd	Jørn_Ording	Q6321637
personwd	Arne_Lindtner_Næss	Q553932
personwd	Thomas_Webb_(Methodist)	Q7794939
personwd	Gertrud_Rask	Q470004
personwd	Bob_Noorda	Q605352
personwd	George_Kilpatrick	Q5541337
personwd	Sylvester_Rosa_Koehler	Q7660825
personwd	Roger_Senhouse	Q7358896
personwd	James_Pilling	Q6141295
personwd	Thomas_B._Lawson	Q7787260
personwd	Adam_Anderson,_Lord_Anderson	Q4678637
personwd	Per_Hanefjord	Q5788146
personwd	Elizabeth_Philpot	Q512471
personwd	Åke_Lundqvist	Q3373315
personwd	Emma_Roberto_Steiner	Q5372940
personwd	John_Rodman	Q6255368
personwd	Takis_Tsiakos	Q7678406
personwd	John_Lathrop_(American_minister)	Q15437884
personwd	George_B._Bacon	Q5536524
personwd	Don_Fish	Q5292607
personwd	Mads_Ousdal	Q6728713
personwd	Anthony_Bean	Q4772089
personwd	Erik_Gustavson	Q4128874
personwd	Hannah_Humphrey	Q18671367
personwd	Robert_Carter_(editor)	Q7342798
personwd	Geoffrey_Nice	Q5534792
personwd	W._Albert_Hiltner	Q48864
personwd	Matias_Skard	Q1794700
personwd	Bruce_Beasley	Q612519
personwd	Gardiner_Greene	Q5522524
personwd	Sari_Horwitz	Q7424034
personwd	Börje_Mellvig	Q5005175
personwd	Sir_Thomas_Tipping,_1st_Baronet	Q7529287
personwd	Ira_Herskowitz	Q1672324
personwd	Blossom_Tainton-Lindquist	Q4928446
personwd	John_Christie_Wright	Q6226049
personwd	Harald_Schwenzen	Q3368115
personwd	Germaine_Krull	Q69776
personwd	Jacques_d'Agar	Q986954
personwd	Robert_Hallowell_Gardiner	Q7345189
personwd	Giovanni_Alberti_(painter)	Q3106983
personwd	Alfred_James_Daplyn	Q4722938
personwd	Michele_Cascella	Q621443
personwd	John_Mitchinson_(bishop)	Q6249015
personwd	Elisha_Ticknor	Q5361816
personwd	Francis_Eginton	Q5480851
personwd	Douglas_Crawford_McMurtrie	Q5301388
personwd	John_Templeton_Bowen	Q1701868
personwd	Marshall_S._Pike	Q6773762
personwd	Joseph_Green_(poet)	Q6283564
personwd	Balthasar_Augustin_Albrecht	Q805582
personwd	Mark_Birkinshaw	Q11172348
personwd	Ian_Gill	Q5981639
personwd	Alexander_Khvylya	Q4497030
personwd	Donald_Engelman	Q5294310
personwd	Pierre_Galin	Q2093455
personwd	Amos_Taylor	Q4747960
personwd	José_Cevallos_Cepeda	Q2886271
personwd	Ryan_Gabrielson	Q7384077
personwd	Thomas_Thomassen	Q7794434
personwd	Edward_Sherman_Gould	Q5345305
personwd	Gunvor_Ulstein	Q5619555
personwd	Moira_von_Wright	Q4990750
personwd	Justo_Jorge_Padrón	Q3399496
personwd	Christian_Skolmen	Q5110140
personwd	Robert_McNeill_Alexander	Q7347581
personwd	Mikhail_Vasilyevich_Popov	Q15081195
personwd	Margaret_Mann_(librarian)	Q6759683
personwd	Hans_Tambs_Lyche	Q5650766
personwd	Thomas_Amyot	Q7787058
personwd	Madeleine_Castaing	Q3275614
personwd	Lorentz_Dietrichson	Q268259
personwd	Tami_Gold	Q7681198
personwd	Per_Sunderland	Q2576903
personwd	Johannes_Eckhoff	Q4994293
personwd	Hugh_Pearman_(architecture_critic)	Q5932251
personwd	Martha_Blount	Q6774344
personwd	Misty_Stone	Q458426
personwd	Augustus_Henry_Eden_Allhusen	Q4821444
personwd	Paulo_Emílio_Sales_Gomes	Q2064014
personwd	Sebastian_Bergne	Q7442377
personwd	Louis-Jules_André	Q3260671
personwd	Howard_Ellis	Q5919560
personwd	Sir_Mark_Sykes,_1st_Baronet	Q7528294
personwd	Wick_Haxton	Q2567570
personwd	Thomas_Vere_Bayne	Q7794675
personwd	John_Griffiths_(academic)	Q6236402
personwd	Ellen_Anckarsvärd	Q4935550
personwd	Ellen_Fries	Q4948980
personwd	Georges_Cloarec	Q3102487
personwd	Barbara_Holland	Q4858987
personwd	Anna_Hierta-Retzius	Q4767080
personwd	Gisèle_Pineau	Q2747144
personwd	Kim_Kyong-hui	Q271067
personwd	Dobrinka_Tabakova	Q4449195
personwd	Carl_H._Milam	Q5040271
personwd	Jing_Wang_(professor)	Q6202245
personwd	Rudolph_Hjalmar_Gjelsness	Q7377423
personwd	James_White_(English_politician)	Q6145409
personwd	Sir_John_Clerk,_5th_Baronet	Q7527672
personwd	Constance_Mabel_Winchell	Q5163560
personwd	Jane_Crewdson	Q4943615
personwd	Thomas_Dickson_Archibald_(judge)	Q15434587
personwd	Alexander_Denton_(Royalist)	Q4718722
personwd	François-Edmond_Fortier	Q3083352
personwd	William_Ashburnham_(Royalist)	Q8004609
personwd	Rose_Maynard_Barton	Q7367857
personwd	Bertha_Jane_Grundy	Q4895492
personwd	Astorre_Baglioni	Q2868474
personwd	John_Whitwell	Q6263923
personwd	Mattheus_Ignatius_van_Bree	Q930501
personwd	Elisabeth_Wandscherer	Q4946471
personwd	Neilson_Poe	Q3337853
personwd	Ingolf_Schanche	Q15998578
personwd	Gyda_Christensen	Q3435012
personwd	Thomas_Wise_(died_1630)	Q7795259
personwd	James_Balfour_(philosopher)	Q6129301
personwd	Russell_Gurney	Q7381534
personwd	Tore_Foss	Q7825629
personwd	Richard_Alsop	Q7323708
personwd	Moses_Michael_Hays	Q16249869
personwd	Solomon_Etting	Q7558598
personwd	Julia_Evelina_Smith	Q6306404
personwd	Richard_Amphlett	Q7323728
personwd	Frederick_Leypoldt	Q5498279
personwd	Julius_Reinhold_Friedlander	Q6310034
personwd	Silas_W._Burt	Q7514239
personwd	Pierre_Prévost_(painter)	Q1987835
personwd	Théodore_Caruelle_d'Aligny	Q320899
personwd	Sheila_McKinnon	Q1430536
personwd	Israel_Jefferson	Q6087017
personwd	Antonio_de_Molina	Q4776570
personwd	Eglantine_Wallace	Q5348050
personwd	Frans_Pietersz_de_Grebber	Q3752070
personwd	Nathaniel_Barnardiston	Q6969495
personwd	Mary_Louise_Peebles	Q6780158
personwd	Julie_Posetti	Q6308468
personwd	Edward_Wigglesworth_(1732–1794)	Q5345880
personwd	Anne-Marie_Krumpholtz	Q2850900
personwd	Manuel_Lopes_Rodrigues	Q6752689
personwd	Jean_Chamant	Q3171209
personwd	James_Wood_Davidson	Q15433285
personwd	John_Bacon_(sculptor,_born_1777)	Q6220213
personwd	John_Bailey_(minister)	Q6220280
personwd	Helen_E._Haines	Q15433250
personwd	Una_Hunt	Q7882112
personwd	James_Baine	Q6129239
personwd	David_Erskine_Baker	Q5233420
personwd	Edward_Brabrook	Q5345892
personwd	Harald_Bjørlykke	Q5653717
personwd	Marie_L._Shedlock	Q6762912
personwd	Finn_Sejersted	Q8563238
personwd	William_Balfour_(general)	Q8004988
personwd	Gui_Bonsiepe	Q90584
personwd	Thomas_Preston_Carpenter	Q7793273
personwd	William_Banister	Q8005008
personwd	Lily_Garafulic	Q6548485
personwd	Victoria_Balfe	Q7926575
personwd	Mortimer_Taube	Q726388
personwd	Abraham_van_Peere	Q4669302
personwd	Luke_Harding	Q6702023
personwd	Viola_Florence_Barnes	Q7933013
personwd	Thomas_Fredrik_Olsen_(born_1857)	Q7789818
personwd	Denis_Florence_MacCarthy	Q5257239
personwd	Carl_Ludwig_Brandt	Q5040497
personwd	William_Elford	Q7529579
personwd	Thomas_Whittemore_(Universalist)	Q7795085
personwd	Rebecca_Brewton_Motte	Q7301677
personwd	Henry_Corbould	Q1476596
personwd	James_Shaw_(artist)	Q6143028
personwd	Silas_Totten	Q7514234
personwd	Oliver_M._Spencer	Q7087677
personwd	Nathan_Ransom_Leonard	Q6969299
personwd	Michael_Liebreich	Q6832244
personwd	John_Swinfen	Q6259827
personwd	George_Horner_(died_1677)	Q5540738
personwd	Godfrey_Bowen	Q5576386
personwd	Christian_W._Slagle	Q5110256
personwd	Amos_Noyes_Currier	Q4747927
personwd	Milan_Lasica	Q1934261
personwd	Pär_Edwardson	Q5627587
personwd	Lars_Idermark	Q6491554
personwd	Jan_Frans_van_Dael	Q1682429
personwd	Robert_Horace_Baker	Q7345614
personwd	Leena_Manimekalai	Q6516347
personwd	Charlotte_Louisa_Hawkins_Dempster	Q5086053
personwd	William_M._Goodrich	Q2579810
personwd	John_Melhuish_Strudwick	Q2201855
personwd	Rolf_Lyssy	Q117087
personwd	Frank_Koester	Q5487735
personwd	Edgar_Smith_Wigg	Q5337464
personwd	Jeppe_Wikström	Q6180431
personwd	Mary_Murtfeldt	Q4795132
personwd	Mary_Pitt	Q6780525
personwd	Jean_Dampt	Q3171539
personwd	James_Bentham	Q15994298
personwd	Edward_Epstein_(meteorologist)	Q5342785
personwd	William_Anderson_(engineer)	Q8004410
personwd	Sir_Roger_Burgoyne,_2nd_Baronet	Q7528880
personwd	William_Herbert_(bibliographer)	Q8012237
personwd	Paul_Dittel	Q103956
personwd	Chimnabai_II	Q15999160
personwd	William_Baird_(physician)	Q8004960
personwd	James_Cutbush	Q6132079
personwd	Alice_Dalsheimer	Q4725805
personwd	Petter_Wallenberg	Q6230640
personwd	Wait_Winthrop	Q7960396
personwd	James_Dana_(clergyman)	Q6132314
personwd	Samuel_Luther_Dana	Q7412060
personwd	Charles_Louis_Müller	Q2959887
personwd	Hilma_Swedahl	Q4981407
personwd	George_Coleman_De_Kay	Q5396174
personwd	John_Howard_Clark	Q16063590
personwd	Lewis_Henry_Steiner	Q6536688
personwd	Gustav_Brühl_(author)	Q214653
personwd	Bernard_Christian_Steiner	Q4892997
personwd	Ernest_Gold_(meteorologist)	Q15967582
personwd	Adelaide_Miethke	Q4681746
personwd	Robert_Newman_(sexton)	Q7348020
personwd	Homère_Clément	Q5891894
personwd	Robert_Barclay_(British_Army_officer)	Q7341858
personwd	Heinrich_Seilkopf	Q105356
personwd	Estelle_Anna_Lewis	Q5400921
personwd	Robert_Pike_(settler)	Q7348907
personwd	William_Louis_Sonntag	Q8014712
personwd	Merle_Collins	Q6819673
personwd	Henriëtta_van_Pee	Q1606202
personwd	Hanneli_Mustaparta	Q5649085
personwd	Melchior_Barthel	Q823168
personwd	Sir_Richard_Reynell,_1st_Baronet	Q7528654
personwd	Knud_Sørensen	Q6423809
personwd	Martin_Fréminet	Q347902
personwd	Robert_Dighton	Q7343545
personwd	Agnolo_Monosini	Q4693274
personwd	Milward_Adams	Q6861633
personwd	Richard_Vines_(colonist)	Q7329673
personwd	Constant_von_Wurzbach	Q25856
personwd	Adeline_Lobdell_Atwater	Q4681964
personwd	Casimir_Oudin	Q5048803
personwd	Anita_Louise_Combe	Q4765575
personwd	Jean_Daley	Q6170489
personwd	Nicolas_Ozanne	Q3340646
personwd	Ruy_Castro	Q455120
personwd	Édouard_Corbière	Q3579789
personwd	Frank_Dengler	Q5486210
personwd	Marcantonio_Amulio	Q1229030
personwd	Joseph_Dombey	Q3090205
personwd	Frithjof_M._Plahte	Q5504759
personwd	Deming_Jarves	Q5255369
personwd	Sarah_Platt_Doremus	Q7422703
personwd	Herbert_Barbee	Q5733550
personwd	Carmen_Hermosillo	Q7522
personwd	John_Dudley_(writer)	Q6230259
personwd	Alexander_Beatson	Q2641792
personwd	Robbins_Little	Q7341060
personwd	J._Carson_Brevoort	Q6105097
personwd	Gottfried_Wilhelm_Becker	Q92525
personwd	Wilton_Hack	Q8023376
personwd	Cornelia_Travnicek	Q1133449
personwd	Agnes_Marion_McLean_Walsh	Q4693081
personwd	Anna_of_Brunswick-Grubenhagen	Q265723
personwd	Jonathan_Shaw_(photographer)	Q17101712
personwd	Frances_Ann_Denny_Drake	Q56753943
personwd	Gretchen_Andrew	Q55649612
personwd	Thomas_Boutflower_Bennett	Q7787772
personwd	Jayson_Musson	Q6167994
personwd	Marge_Ostroushko	Q6760278
personwd	Katie_Holmes_(historian)	Q6377464
personwd	George_Vanden-Bempde,_3rd_Marquess_of_Annandale	Q5545453
personwd	Rudolf_Alexander_Schröder	Q76332
personwd	Anna_Cabot_Lowell	Q4766892
personwd	William_Vesey	Q8019717
personwd	Arthur_Pond	Q4799999
personwd	Ann_W._Nally	Q16017864
personwd	Ken_Fero	Q6387598
personwd	Birgit_Rosengren	Q4916284
personwd	John_Nicholas_Wood	Q2731338
personwd	Nettie_Cronise_Lutes	Q7000488
personwd	Scott_Lipps	Q7436707
personwd	Attilio_Pratella	Q3629282
personwd	Grete_Jalk	Q4956242
personwd	Thomas_Law_(1756–1834)	Q7791735
personwd	Jeremy_Bloxham	Q6181133
personwd	Paris_Nesbit	Q7137327
personwd	Sarah_Boone	Q7422117
personwd	R._J._Whitwell	Q7278197
personwd	Paul_Achleitner	Q86697
personwd	Brice_Bosnich	Q4965842
personwd	Richard_Southgate_(priest)	Q7329166
personwd	Derek_Yach	Q5262482
personwd	Piovano_Arlotto	Q1236422
personwd	Anna_Teresa_Brennan	Q4767535
personwd	Thomas_Denton_(died_1633)	Q7788945
personwd	James_MacSparran	Q18671618
personwd	John_Dudley_Philbrick	Q6230263
personwd	Jonas_Sima	Q6176304
personwd	Francis_Grant,_Lord_Cullen	Q5481128
personwd	John_Dowell	Q6229977
personwd	Julian_Downward	Q6307119
personwd	Hermann_Ahlwardt	Q72042
personwd	Mark_Segal	Q6769665
personwd	John_Jewell_Penstone	Q6241854
personwd	Peter_McCall_(mayor)	Q7175743
personwd	William_Fishbourn	Q8009071
personwd	Christoph_Daniel_Ebeling	Q103831
personwd	Caroline_Emily_Clark	Q5045058
personwd	Gerald_Stanley_Lee	Q5549596
personwd	Christopher_Hawkesworth	Q903980
personwd	John_L._McKenzie	Q6243642
personwd	Silvestre_de_Balboa	Q5573743
personwd	Carlos_Alfredo_D'Amico	Q5041733
personwd	Pierre-Roland_Giot	Q3383510
personwd	Antoine_Louis_François_Sergent_dit_Sergent-Marceau	Q4775505
personwd	George_H._Hepting	Q5540036
personwd	Antoine_Omer_Talon	Q2854294
personwd	Carol_Heimer	Q5044366
personwd	Robert_Henry_Scott	Q7345443
personwd	Nathan_Stanbury	Q6969350
personwd	Sterling_B._Hendricks	Q7611365
personwd	Theodorus_Bailey_Myers	Q7782165
personwd	Josef_Jiří_Kolár	Q1960643
personwd	Émile_Keller	Q3588593
personwd	Sarah_Snow	Q7422283
personwd	Frederick_Tuckett	Q1410023
personwd	Johannes_de_Peyster_Sr.	Q6217100
personwd	John_Thomas_Cooper	Q6260539
personwd	Ruth_Mason	Q15921103
personwd	Shobal_Vail_Clevenger	Q7499770
personwd	Hannah_Keziah_Clapp	Q5648871
personwd	Fanny_Irvine-Smith	Q5434048
personwd	Frederick_William_Elwell	Q5499069
personwd	Amy_Merania_Harper	Q4749314
personwd	Constance_Frost	Q5163541
personwd	Herbert_Boucher_Dobbie	Q5733652
personwd	Eileen_Olive_Deste	Q5349430
personwd	Alan_Howland	Q4706898
personwd	Betty_Batham	Q5363039
personwd	William_Jackson_Barry	Q8013401
personwd	John_Gurdon_(died_1623)	Q6236610
personwd	William_Bloomfield_Douglas	Q8005643
personwd	Teresa_Sapey	Q7702215
personwd	Giovanni_Mardersteig	Q96564
personwd	Louise_Plessner_Pollock	Q6688911
personwd	Edward_L._Burlingame	Q5343993
personwd	Royal_Wasson_Sorensen	Q7374994
personwd	Gerhard_Fauth	Q108263
personwd	Tone_Danielsen	Q7820830
personwd	Charles_Alexander_Nelson	Q5075049
personwd	Hasse_Funck	Q5862983
personwd	Fabio_Kon	Q5427832
personwd	Grace_Sandhouse	Q5591372
personwd	Samuel_Foster_Haven	Q7411650
personwd	Jane_Dillon	Q6152136
personwd	Philip_Frederick_Mayer	Q7183565
personwd	Antoine-Nicolas_Bailly	Q2853539
personwd	John_Denison_Champlin_Jr.	Q6229180
personwd	James_Rewcastle	Q6142000
personwd	Marguerite_Moreno	Q3290728
personwd	Sten_Elfström	Q5708366
personwd	Kaare_Langlo	Q3374186
personwd	Steve_Cangialosi	Q7612138
personwd	Francis_James_Jackson	Q5481474
personwd	Pablo_de_Greiff	Q7121791
personwd	Catherine_Hansson	Q4952592
personwd	Göran_Graffman	Q5626623
personwd	Juan_de_Dios_Cañedo	Q6301245
personwd	Pelle_Seth	Q4567221
personwd	Burgiss_Allison	Q4998651
personwd	Thomas_H._Stockton	Q7790322
personwd	Edward_Phelips_Jr.	Q5344845
personwd	Charles_Cist_(printer)	Q5076273
personwd	Charles_Cist_(editor)	Q5076272
personwd	John_Rädecker	Q2215148
personwd	Clara_Erskine_Clement	Q5125984
personwd	Nathaniel_Colver	Q6969548
personwd	Paul_Foelsche	Q17004596
personwd	Pontus_Gustafsson	Q1121359
personwd	Charles-Robert_Ageron	Q282777
personwd	Pedro_Espinosa_Lorenzo	Q3753512
personwd	Charles_Frick	Q5077890
personwd	Jean_Dusaulx	Q971395
personwd	Giovanni_Maria_Cecchi	Q426305
personwd	Pierre_Debray-Ritzen	Q3384668
personwd	Frederick_William_Ricord	Q5499100
personwd	Roy_Halling	Q14173137
personwd	Jöran_Nordberg	Q737301
personwd	Gertrud_Leistikow	Q115024
personwd	George,_Count_Joannes	Q5535870
personwd	Bengt_Grafström	Q4887799
personwd	Gianni_Minà	Q3763579
personwd	Alexey_Diakonoff	Q4721312
personwd	Anna_Lomax_Wood	Q4767241
personwd	Harriet_Presser	Q5664292
personwd	Gustavus_Abeel	Q5621534
personwd	Jon_Nicholson	Q6271306
personwd	Dervish_Bejah	Q5263286
personwd	Rowland_Cotton	Q7372113
personwd	Cotton_Tufts	Q5175744
personwd	Iselin_Michelsen	Q16732566
personwd	Gregor_Rabinovitch	Q214460
personwd	Björn_Berglund	Q4919703
personwd	Hany_M._Sala'am	Q5651449
personwd	Julia_Ioffe	Q6306480
personwd	Lorenzo_del_Moro	Q3837118
personwd	Pär_Johansson	Q5887520
personwd	Peter_Schildt	Q3357878
personwd	Henrik_Åström	Q5716613
personwd	Mathurin-François_Boucher	Q3299017
personwd	Lawrence_H._Knox	Q6504120
personwd	José_María_Aguirre	Q16059843
personwd	James_Veitch,_Lord_Elliock	Q6144628
personwd	Joshua_Huntington	Q6289926
personwd	Sir_Thomas_Hussey,_2nd_Baronet	Q7529173
personwd	Jabez_Huntington_(colonist)	Q6110143
personwd	Jeanne_Geneviève_Garnerin	Q441762
personwd	Bjørn_Skagestad	Q4582344
personwd	Jean-François-Auguste_Le_Dentu	Q4255636
personwd	Winthrop_Chandler	Q8026559
personwd	John_Dudley_(died_1580)	Q6230254
personwd	Michael_Young_(industrial_designer)	Q6835498
personwd	Andris_Ozols	Q4759359
personwd	Francis_M._Rotch	Q5481807
personwd	Richard_Saumarez	Q7328896
personwd	Otto_Lipmann	Q6054723
personwd	Mohammed_Saeme	Q6893294
personwd	Martin_Garlieb_Amsinck	Q97827
personwd	Joseph_Hoult	Q13529946
personwd	Annie_French_Hector	Q4668843
personwd	Malcolm_Fraser_(artist)	Q6742320
personwd	Maria_de_las_Mercedes_Santa_Cruz_y_Montalvo	Q18115584
personwd	Tomas_Evjen	Q3369973
personwd	Benjamin_Lynde_Sr.	Q4888987
personwd	Douglas_Cowper	Q5301379
personwd	Christine_Yoo	Q5111225
personwd	Fred_Bremner	Q5494684
personwd	Robert_Lyle_(Minnesota_politician)	Q7347064
personwd	George_West,_Viscount_Cantelupe	Q5546168
personwd	Lilian_Wooster_Greaves	Q6547722
personwd	Shlomi_Constantini	Q7499557
personwd	E._S._Lloyd	Q5322143
personwd	Heinrich_Häser	Q87471
personwd	Basilio_Zanchi	Q2886881
personwd	Tom_McKenna_(town_planner)	Q7816832
personwd	Deborah_Chase_Hopkins	Q16186287
personwd	Fiona_Powrie	Q5451098
personwd	Mary_Silliman	Q6780721
personwd	Henry_C._Pratt_(merchant)	Q5719061
personwd	Emilio_Ambasz	Q655905
personwd	Edward_Balston	Q5341740
personwd	George_Blenkinsop	Q5537047
personwd	Santiago_Kovadloff	Q6120968
personwd	Georg_Haupt	Q1504617
personwd	Frances_Rollin_Whipper	Q5478919
personwd	Étienne-Barthélémy_Garnier	Q3824
personwd	Daniel_Pinckney_Parker	Q5218455
personwd	Dumanoir	Q1396138
personwd	Ludvig_Wimmer	Q1593034
personwd	Thérésa_(singer)	Q2276139
personwd	Samuel_Halkett	Q7411606
personwd	Alberto_Casañal_Shakery	Q2275475
personwd	Leif_Krantz	Q2510378
personwd	Jean-Augustin_Franquelin	Q1684598
personwd	Agostino_Veracini	Q302326
personwd	Ivy_Ross	Q18358357
personwd	Richard_Newcourt_(historian)	Q7328042
personwd	Ivaldo_Bertazzo	Q386232
personwd	Jacques_Companeez	Q176962
personwd	James_Barbut	Q6129354
personwd	Salvatore_Albano	Q7406621
personwd	Glenn_Kaino	Q5568913
personwd	Olga_Larionova	Q464818
personwd	Caroline_Fraser	Q5045071
personwd	A._T._Saunders	Q15997080
personwd	Benjamin_Germein	Q16062208
personwd	Charlotte_Mary_Sanford_Barnes	Q5086061
personwd	Epes_W._Sargent	Q5382115
personwd	William_T._Green	Q8019072
personwd	William_Havard_Eliot	Q8011021
personwd	Herbert_Hirche	Q1403074
personwd	Adeline_Sergeant	Q15963684
personwd	José_M._de_Areilza	Q6292923
personwd	Abbie_Farwell_Brown	Q13562962
personwd	Raffaele_Belliazzi	Q7282504
personwd	Kenneth_Crews	Q16200987
personwd	Giuseppe_Boschetto	Q13178497
personwd	Göran_Zachrisson	Q6250592
personwd	Thierry_Jamin	Q7784082
personwd	Trude_Fleischmann	Q87807
personwd	François_Blanchetière	Q3083993
personwd	Bjørn_Opsahl	Q16200654
personwd	Thomas_Read_(naval_officer)	Q16230470
personwd	John_Read_(lawyer)	Q16066295
personwd	Lemuel_Shattuck	Q16066156
personwd	Nicola_Biondi	Q13178624
personwd	Domenico_Battaglia_(painter)	Q3712910
personwd	Nicolas_Surcouf	Q3340804
personwd	Luigi_Scorrano	Q16031301
personwd	Nessa_Cohen	Q16007996
personwd	Jan_Philipsz_van_Bouckhorst	Q12053370
personwd	Volodymyr_Dakhno	Q4155352
personwd	Theodosios_Alexander	Q16197259
personwd	Benjamin_Randolph_(cabinetmaker)	Q16859499
personwd	Raffaello_Tancredi	Q16062582
personwd	John_Campbell_(editor)	Q16209088
personwd	John_F._Cammerhoff	Q16207279
personwd	Cornelia_Walter	Q13560916
personwd	Kenneth_Fisher_(headmaster)	Q15995701
personwd	Giovan_Battista_Pigna	Q3766092
personwd	Borys_Ivchenko	Q5825465
personwd	Gotthold_Carlberg	Q16063288
personwd	James_Pitts_(American_Patriot)	Q16230456
personwd	Henri_Marchand_(actor)	Q1605929
personwd	Enrico_Rossi_(painter)	Q16059229
personwd	Guglielmo_Navorelli	Q16066659
personwd	Per_Lindberg	Q1609721
personwd	George_Oates	Q23415483
personwd	Isaac_Harby	Q16857740
personwd	Oreste_Albertini	Q15998337
personwd	Helen_Pickett	Q16734512
personwd	Alberto_Vianelli	Q16030717
personwd	Betty_Ehrenborg	Q4945888
personwd	Adolfo_Carlo_Barone	Q16025095
personwd	Karoline_Frogner	Q11980322
personwd	William_Wells_(minister)	Q16859216
personwd	Gaetano_Esposito	Q13178473
personwd	Lisa_Collier_Cool	Q16200944
personwd	Francisco_González_(banker)	Q11681933
personwd	Calcedonio_Reina	Q3650101
personwd	Sheila_Rabb_Weidenfeld	Q16106498
personwd	Frank_Perkins_Whitman	Q16043845
personwd	William_Musters	Q16065663
personwd	Cholmeley_Dering_(died_1836)	Q16741817
personwd	Francis_Child_(died_1763)	Q16239279
personwd	Ramón_Corona	Q6099528
personwd	Werner_Lang	Q13486907
personwd	Alexandra_Smirnoff	Q11850674
personwd	J._W._Tristram	Q16023325
personwd	Jay_Shendure	Q15989781
personwd	Raffaele_Armando_Califano_Mundo	Q16030085
personwd	Eric_Bollman	Q1714503
personwd	John_Henry_Augustus_Bomberger	Q16062532
personwd	Giacomo_Merculiano	Q16026242
personwd	Joel_Bergvall	Q18810886
personwd	Florian_Froehlich	Q14806052
personwd	Johann_Georg_Fischer_(architect)	Q1693821
personwd	Josep_Sánchez_i_Llibre	Q14917170
personwd	Mademoiselle_Anaïs	Q576400
personwd	James_Spottiswood	Q16208117
personwd	Sir_John_St_Aubyn,_3rd_Baronet	Q16859574
personwd	Henry_King_(photographer)	Q16031577
personwd	George_Sherman_Batcheller	Q16031646
personwd	Vincenzo_Alfano	Q16059747
personwd	Rosalie_Rayner	Q6112302
personwd	Tom_Ahlström	Q5544310
personwd	R._E._Munn	Q18645804
personwd	Thomas_Armstrong_(painter)	Q16043651
personwd	Baldwin_Hamey_the_Elder	Q16210626
personwd	Joseph_Tatnall	Q16850881
personwd	Cindy_Lynn_Brown	Q12306374
personwd	John_Tyas	Q16030884
personwd	Nejib_Belkadhi	Q3337866
personwd	Helen_Maria_Chesnutt	Q48976524
personwd	Jenny_Graves	Q16105632
personwd	Myrna_Cunningham	Q16190342
personwd	James_Lyster	Q16062480
personwd	Gwen_Barringer	Q15999409
personwd	Francis_R._St._John	Q16007137
personwd	Lajos_Jánossy	Q526827
personwd	Rose_Lok	Q16854161
personwd	William_N._Sheats	Q98018348
personwd	Peter_Halldorf	Q4353826
personwd	Camillo_Miola	Q3651546
personwd	John_Lowell_(minister)	Q16212860
personwd	Chansonetta_Stanley_Emmons	Q16023405
personwd	Colin_McLay	Q15428902
personwd	Dmitry_Kiselyov	Q4222062
personwd	Philippe_de_Buyster	Q3380919
personwd	Ingolf_Rogde	Q15306529
personwd	Romolo_Panfi	Q16853915
personwd	Federigo_Rossano	Q3741885
personwd	Pasquale_Ruggiero	Q16059076
personwd	Crisp_Molineux	Q16844034
personwd	Pieter_Barbiers_IV	Q15431364
personwd	Roger_Townshend_(Norfolk_MP,_died_1709)	Q15990325
personwd	Mary_Ellen_Edwards	Q15616152
personwd	Eleonora_Charlotta_d'Albedyhll	Q4944091
personwd	Haakon_Sandberg	Q15993471
personwd	Tommaso_Gherardini	Q16853523
personwd	George_Hussey_(mayor)	Q15997957
personwd	David_B._Goldstein_(geneticist)	Q15989762
personwd	Jean-Pascal_Tricoire	Q3168302
personwd	S._N._Cooke	Q15613973
personwd	Piotr_Paziński_(writer)	Q302870
personwd	Antonio_Piccinni	Q15637730
personwd	Edoardo_Tofano	Q3719677
personwd	Elspeth_Davie	Q16013391
personwd	Knut_Mørch_Hansson	Q15613843
personwd	Raffaele_Armenise	Q3929000
personwd	Thomas_Osmond_Summers	Q16063179
personwd	Kurt_Wegener	Q1794234
personwd	Joan_McCord	Q11727360
personwd	Roei_Sadan	Q15704383
personwd	George_Sawatzky	Q1506803
personwd	Harri_Nykänen	Q1586114
personwd	Thomas_Dawson,_1st_Viscount_Cremorne	Q16828379
personwd	John_Theodore_Heins	Q16842181
personwd	Giovanni_Cinqui	Q3107136
personwd	Merlin_Crossley	Q16732507
personwd	Thomas_Osborne_(publisher)	Q16203957
personwd	Lisa_Ohlin	Q4970830
personwd	Ted_Colson	Q12058466
personwd	Icie_Hoobler	Q15989711
personwd	Giovanni_Maria_Ciocchi	Q16853430
personwd	Mimmi_Spång	Q16214638
personwd	Jean_Middlemass	Q15961864
personwd	Rasmus_Rasmussen_(actor)	Q6063983
personwd	Silke_Ackermann	Q15987230
personwd	Gloria_Pérez-Salmerón	Q5881319
personwd	Gesualdo_Francesco_Ferri	Q16853484
personwd	Rose-Marie_Huuva	Q25427309
personwd	Charles_Alexander_Warfield	Q16859195
personwd	Robert_Thew	Q16859152
personwd	Ashok_Venkitaraman	Q17022827
personwd	Lillian_Daphne_de_Lissa	Q16750436
personwd	William_C._Edes	Q16856962
personwd	Dmitri_Trenin	Q4462405
personwd	Lina_Attalah	Q16853358
personwd	Aniela_Jaffé	Q95166
personwd	Thora_Hardy	Q17077520
personwd	Margaret_Tolbert	Q16937408
personwd	Sarah_Ewing_Hall	Q16873038
personwd	Giuseppe_Casciaro	Q3770271
personwd	Arnaldo_De_Lisio	Q16886989
personwd	Sergei_Skazkin	Q4421420
personwd	Nicolás_Cuéllar	Q17077086
personwd	Barbara_Tillett	Q17181003
personwd	Thomas_Hicks_(painter)	Q974618
personwd	Susan_Francis	Q17309038
personwd	Kaare_Kroppan	Q11979849
personwd	Salif_Traoré	Q30121857
personwd	Ileana_Stana-Ionescu	Q12730298
personwd	Bernard_Barillot	Q15973645
personwd	Antoni_Vila_Casas	Q15623882
personwd	Ustym_Holodnyuk	Q16334150
personwd	Giulio_Anivitti	Q17309070
personwd	Jeff_Masters	Q125847121
personwd	Walter_Webb_Allport	Q17308743
personwd	Christopher_Wren_(priest)	Q17424996
personwd	William_Patterson_(Maryland_businessman)	Q17423833
personwd	Sir_Gilbert_Elliot,_1st_Baronet,_of_Minto	Q17309001
personwd	Pieter_Schout	Q17335001
personwd	Jacob_Cornelisz_Schout	Q17342410
personwd	Hans_Stormoen	Q11974128
personwd	Robert_Yarnall_Richie	Q17403696
personwd	Robert_Butler_(U.S._commander)	Q18158689
personwd	Gerhard_Krohn_Rollefson	Q17403699
personwd	Lincoln_Kanai	Q17479348
personwd	Lionel_Hale	Q17419163
personwd	Henry_Sherek	Q17429767
personwd	Norman_Fisher_(educationalist)	Q17430835
personwd	Joseph_Sabin	Q17514633
personwd	Rosea_Kemp	Q17505464
personwd	Mollie_Lee	Q17515958
personwd	Edith_Emily_Dornwell	Q17626618
personwd	David_Rogers_(meteorologist)	Q18009190
personwd	Friedrich_Wilken	Q110207
personwd	Grace_Victoria_Cox	Q17612218
personwd	Elena_Shtaerman	Q4526677
personwd	Michael_Andrew_(management_consultant)	Q17627258
personwd	James_Aumonier	Q17626473
personwd	Victor_Hartman	Q5791907
personwd	Noel_Hinners	Q18002736
personwd	Daud_Mirza	Q11964806
personwd	Ole_Enger_(actor)	Q16796787
personwd	Demetri_Terzopoulos	Q3022082
personwd	John_Langford_Pritchard	Q18161897
personwd	Milo_M._Acker	Q18130781
personwd	William_H._Weston_Jr.	Q18394929
personwd	John_Thorpe_(antiquarian,_1682–1750)	Q18177325
personwd	Andrew_Alexander_(journalist)	Q18324513
personwd	Kolbjørn_Buøen	Q11981433
personwd	Peter_J._Campbell	Q18387872
personwd	George_Taplin	Q18344093
personwd	Lisa_Power	Q18325380
personwd	Friedrich_König_(painter)	Q18356440
personwd	Arthur_Timótheo_da_Costa	Q16494471
personwd	Noé_Duchaufour-Lawrance	Q3345708
personwd	John_Cardmaker	Q18379548
personwd	Howard_G._Funkhouser	Q18392663
personwd	James_Carson_(physician)	Q18390051
personwd	Ingvar_Cronhammar	Q764716
personwd	Svend_Johansen	Q19666140
personwd	Jean_Irvine	Q18716175
personwd	Tim_Whewell	Q18574921
personwd	Marie_Heurtin	Q3292571
personwd	Richard_F._Johnston	Q18631377
personwd	E._Kay_Robinson	Q19668480
personwd	Jean-Marie_Coquard	Q19892260
personwd	John_Chester_(Connecticut_soldier)	Q18663494
personwd	Maral_Yazarloo	Q19891458
personwd	Samuel_Butler_Provis	Q19665245
personwd	Johan_Schildt	Q6097546
personwd	Mateo_Inurria	Q9030461
personwd	W._Maxwell_Cowan	Q2536731
personwd	Anna-Lena_Bergelin	Q4940944
personwd	Lisette_Schulman	Q4977594
personwd	Agnes_Garrett	Q18670641
personwd	John_Baxter_Mather	Q19875401
personwd	Vrinda_Grover	Q19663761
personwd	Jacques_Peretti	Q19663044
personwd	Ellen_Hørup	Q16595296
personwd	Amanda_Newton_(illustrator)	Q19666777
personwd	Svein_Scharffenberg	Q6096380
personwd	Joseph_Timothy_Haydn	Q15986144
personwd	Edmund_Marion_Ashe	Q19668052
personwd	Francesco_Saverio_Quadrio	Q74897
personwd	Matilene_Berryman	Q19560080
personwd	Zsuzsa_Rakovszky	Q249767
personwd	Clyde_O._DeLand	Q19974555
personwd	Colin_Henderson_Roberts	Q18576008
personwd	Rose_Cumming	Q19662550
personwd	Annika_Herlitz	Q18242519
personwd	Julia_Irvine	Q19605553
personwd	John_Young_(engraver)	Q18922066
personwd	Carlos_Castañeda_(historian)	Q19877698
personwd	Ellen_Francis_Mason	Q19667664
personwd	José_Ignacio_Landaluce	Q5940537
personwd	Rebecca_Lane_Hooper_Eastman	Q19665055
personwd	Peter_Lecount	Q20642362
personwd	Sadie_American	Q19864100
personwd	Ludovico_Jacobilli	Q3839120
personwd	Isabelle_Catherine_van_Assche	Q19974169
personwd	Aïcha_Belarbi	Q19892055
personwd	Laurence_Bataille	Q19818457
personwd	Nat_Neujean	Q3336299
personwd	Jacques_Millot	Q3159573
personwd	James_R._Holton	Q5812644
personwd	Oleg_Shupliak	Q27991248
personwd	Parshuram_Mishra	Q15724531
personwd	Chris_Dercon	Q1077159
personwd	József_Ács_(sculptor)	Q220666
personwd	Thomas_Dunlap	Q19877995
personwd	Marie_Syrkin	Q20675736
personwd	Rigby_Graham	Q20020504
personwd	Jan_van_Stolk	Q4867976
personwd	Dominique_Barthélemy_(biblical_scholar)	Q3034974
personwd	Bertold_Wiesner	Q89289
personwd	Kirsten_Idebøen	Q19972029
personwd	Stephen_Simpson_(professor)	Q21062170
personwd	Piero_Portaluppi	Q3903340
personwd	James_Hamilton_Couper	Q20657046
personwd	Frederick_Starr_(reverend)	Q20487089
personwd	Wolfgang_Feneberg	Q2589575
personwd	Paul_Niger	Q3371910
personwd	Samuel_Thaxter	Q20713766
personwd	Harvey_Prindle_Peet	Q20657552
personwd	Ellen_Isham_Schutt	Q20739172
personwd	Maunsell_Bradhurst_Field	Q20656916
personwd	Herbert_William_Allingham	Q20711295
personwd	Harvey_Campbell_(politician)	Q20709206
personwd	Edmund_Randolph_Peaslee	Q20675638
personwd	Benjamin_Rotch	Q20713836
personwd	Thorleif_Dahl_(jurist)	Q20707489
personwd	Andy_Greenberg	Q20740917
personwd	Alfred_Coit	Q20807189
personwd	George_Munger_(artist)	Q20741560
personwd	Arda_Green	Q638355
personwd	Paul_Henry_Oehser	Q20880717
personwd	Henry_Augustus_Boardman	Q20807005
personwd	Richard_Kinney	Q109661079
personwd	Bob_Stiller	Q20880796
personwd	Jean-Maurice_Lahy	Q3167904
personwd	Mary_Lloyd_(abolitionist)	Q19324879
personwd	Nelly_O'Brien	Q20756536
personwd	Francis_Gibson_(banker)	Q20810925
personwd	Oliver_Ellsworth_Daggett	Q20807291
personwd	André_Desrochers	Q20666511
personwd	Mara_Servetto	Q20140418
personwd	Eleazer_Parmly	Q21068943
personwd	John_Claude_White	Q21069843
personwd	Lydia_Peelle	Q20880800
personwd	William_Hallam_Tuck	Q111659586
personwd	Alonzo_P._Carpenter	Q102247013
personwd	James_C._MacRae	Q116451563
personwd	Oskar_Textorius	Q2034032
personwd	Peter_Jansen_Wester	Q9058762
personwd	Katarina_Gospic	Q16602152
personwd	Johannes_Karavidopoulos	Q12878345
personwd	Francesco_Marucelli	Q3750256
personwd	Harald_Norbelie	Q6013722
personwd	Henry_Harrisse	Q3132818
personwd	Annika_Biørnstad	Q16175319
personwd	Henri_Pinta	Q3131788
personwd	Elspeth_Garman	Q21716257
personwd	Benito_Viñes	Q11908982
personwd	John_Novembre	Q22279436
personwd	Leonard_Withington	Q21064783
personwd	Gary_Victor	Q3098632
personwd	Elisabeth_Bardwell	Q21177524
personwd	Eva_Swartz	Q4981617
personwd	Eleonora_d'Este_(1537–1581)	Q3721828
personwd	Elva_Lawton	Q21198636
personwd	Alfred_Klee	Q1772951
personwd	Richard_Ball_Spencer	Q21155029
personwd	George_Washington_Blagden	Q21283242
personwd	Julia_Shannon	Q22019374
personwd	Jacob_Olie	Q2383619
personwd	Jane_E._Parker	Q21262779
personwd	James_Neilson_Lea	Q27949007
personwd	Terje_Tvedt	Q12005564
personwd	Elin_Brandell	Q4940406
personwd	Doris_Durlacher	Q21664371
personwd	Melania_Cristescu	Q22279173
personwd	Edith_Katherine_Cash	Q21338891
personwd	Petra_Schwille	Q2080329
personwd	Henry_Dutton_(pastoralist)	Q22018661
personwd	Samuel_Child	Q22336794
personwd	Anne_Luther_Bagby	Q16929906
personwd	Samuel_Chandler_Paine	Q22019202
personwd	Emily_Dutton	Q23900878
personwd	Isaac_Pendleton_Langworthy	Q22018829
personwd	Alice_Nāmakelua	Q22019101
personwd	Fredrik_Wikström_Nicastro	Q23761738
personwd	Karl_Jelinek	Q87683
personwd	Roland_Ellis_Jacobs	Q21538208
personwd	Ernestine_Rose_(librarian)	Q23621579
personwd	Bjarne_Bø	Q5591956
personwd	Kitty_Shannon	Q23615011
personwd	John_Davidson_(antiquarian)	Q18559788
personwd	Matías_Alonso_Ruiz	Q11936228
personwd	Rasmus_Breistein	Q7710789
personwd	Vaclav_Vytlacil	Q19742245
personwd	Horatio_Townshend	Q22336914
personwd	Anne-Frédérique_Widmann	Q22957830
personwd	John_E._Cort	Q30068126
personwd	Addison_Van_Name	Q23580488
personwd	Job_Kenyon	Q23018307
personwd	Robert_Dukinfield_Darbishire	Q23988329
personwd	Grégoire_Ahongbonon	Q22814395
personwd	Brian_Keating	Q23017063
personwd	Lawrence_Rogers_Blinks	Q21506193
personwd	Edoardo_Matania	Q3719625
personwd	James_Louis_Gillis	Q23035337
personwd	Mary_E._Hazeltine	Q23013619
personwd	Lutie_Stearns	Q23020900
personwd	Phebe_Watson	Q21537128
personwd	Joseph_Tuckerman	Q1708102
personwd	William_E._Foster	Q18911348
personwd	Alice_B._Kroeger	Q23615106
personwd	Jody_Williams_(artist)	Q27949760
personwd	Jeanne_Spurlock	Q23047430
personwd	Frances_Dallam_Peter	Q23619796
personwd	Mary_Somerville_(broadcasting_executive)	Q19043388
personwd	Charles_C._Williamson	Q23621672
personwd	Joseph_L._Wheeler	Q23621428
personwd	Mary_Jane_Warnes	Q23621079
personwd	Thomas_Gregor_Brodie	Q18342454
personwd	William_D._Richardson	Q23304291
personwd	Tullio_Martello	Q15715205
personwd	Joseph-François_Marie	Q18945581
personwd	Margaret_Lloyd_(Moravian)	Q20733837
personwd	Maria_D._Robinson	Q21456396
personwd	Lev_Nikolaev	Q4320160
personwd	Pawl_(musician)	Q24005473
personwd	Erik_Josephson	Q5892792
personwd	Claude-Jacques_Herbert	Q18115172
personwd	Mohan_Lal_Lohia	Q23799201
personwd	Emma_V._Brown	Q23900888
personwd	Josette_Bruce	Q3185929
personwd	Charles_M._Wetherill	Q24239044
personwd	Michael_Barber_(academic)	Q25183911
personwd	Ann_Shelton_(photographer)	Q24006311
personwd	Edwin_Branson	Q21393817
personwd	Jeannette_Papin	Q34608878
personwd	Shaul_Arieli	Q12411488
personwd	Vsevolod_Tarasevich	Q4451609
personwd	Mark_Rozental	Q21644215
personwd	Kohsuke_Kawaguchi	Q24572259
personwd	Joseph_Goodhue_Chandler	Q21010227
personwd	Patrick_Gill_(physicist)	Q1479605
personwd	Carlo_Gemmellaro	Q3659415
personwd	Harry_Gilbert_(biochemist)	Q24199771
personwd	Antonio_Galves	Q17489997
personwd	Francesco_Fuoco	Q21207780
personwd	Everett_Stanley_Luttrell	Q285916
personwd	Owen_Fleming	Q24284683
personwd	Girolamo_Francesco_Cristiani	Q18945469
personwd	Leonardo_Cozzando	Q18945596
personwd	Irma_LeVasseur	Q3154495
personwd	Rob_Varley	Q24851674
personwd	Enrico_Risi	Q24900763
personwd	John_M._Fessenden	Q25344469
personwd	Léonor_Jean_Soulas_d'Allainval	Q3271726
personwd	Cornelis_Johannes_Marinkelle	Q92202485
personwd	Will_Butler-Adams	Q25850434
personwd	Patricia_Hackett	Q21536972
personwd	John_Philip_Busby	Q21462887
personwd	Willis_Ray_Gregg	Q26220749
personwd	Henry_Townshend_(died_1762)	Q26905838
personwd	Hirsch_Loeb_Sabsovich	Q26251086
personwd	Patience_Hawker	Q26254437
personwd	Megan_Davis	Q26464801
personwd	Trond_Peter_Stamsø_Munch	Q12007603
personwd	Lewis_Packard	Q19829130
personwd	Abraham_Allard	Q26702958
personwd	Myron_C._Cramer	Q27177888
personwd	André_Lefèvre_(1717–1768)	Q2848135
personwd	Douglas_Cavener	Q56489345
personwd	John_Bethell_(inventor)	Q27831229
personwd	Henri_Welschinger	Q3132175
personwd	Marie_Brown	Q26838354
personwd	F._M._Howarth	Q26997787
personwd	Maksym_Krypak	Q26868454
personwd	Thomas_Clement_Thompson	Q21460108
personwd	Julius_Strasburger	Q1713009
personwd	Stanley_Presser	Q27662329
personwd	Gaetano_Capone	Q3756924
personwd	Karl_von_Tubeuf	Q1041447
personwd	Eliza_Henderson_Boardman_Otis	Q27052101
personwd	Iwona_Buczkowska	Q3156415
personwd	Agnes_Geijer	Q4949712
personwd	Mary_Ann_Weathers	Q27451572
personwd	Dee_Ann_Story	Q27449968
personwd	Dora_Jung	Q11856286
personwd	Arthur_Cecil_Stuart_Barkly	Q27468378
personwd	Cecilia_Hennel_Hendricks	Q27491529
personwd	Jean-Marie_Gantois	Q2161619
personwd	William_Cliffton	Q27506017
personwd	Primrose_Harley	Q18734059
personwd	Petteri_Taalas	Q16990750
personwd	David_Grimes_(meteorologist)	Q27983429
personwd	Marie_Lundquist	Q4964188
personwd	Giovanni_Ciampoli	Q322940
personwd	Georg_Pahl	Q110453
personwd	Edmund_Percey	Q27786163
personwd	Alice_Cary_Risley	Q27927776
personwd	Giuseppe_Luraghi	Q3108073
personwd	Max_Lamb	Q27830074
personwd	Emmanuele_Antonio_Cicogna	Q1338457
personwd	Olof_Faxander	Q5726490
personwd	Alain_Townsend	Q2636489
personwd	Joshua_Francis_Fisher	Q27909232
personwd	Gamaliel_Painter	Q27915080
personwd	Celeste_Coltellini	Q3664225
personwd	Ruth_Stanley_Farnam	Q27950777
personwd	Lionello_Balestrieri	Q3241974
personwd	Arlette_Farge	Q2861628
personwd	Pierre_Léna	Q3386043
personwd	John_Daniel_(printer)	Q20733362
personwd	Judith_Lomax	Q28006687
personwd	Mirta_Yáñez	Q179065
personwd	Aurelia_Castillo_de_González	Q5711933
personwd	Margarida_Davina_Andreatta	Q28028886
personwd	Edward_Dean_Adams	Q28152058
personwd	Rafael_Villaseca	Q28408088
personwd	Rosina_Cox_Boardman	Q21693929
personwd	Francesco_Cigalini	Q18945286
personwd	Scipione_Chiaramonti	Q18945782
personwd	Baskaran_Kandiah	Q28458621
personwd	Henni_Lehmann	Q1434857
personwd	Vladimir_Lakeev	Q4253263
personwd	Joseph_B._Gill	Q15821775
personwd	Anna_M._Sands	Q28507810
personwd	Uriah_Upjohn	Q28784321
personwd	Marietta_Minnigerode_Andrews	Q28549740
personwd	Janet_Doe	Q29034440
personwd	Manuel_de_la_Cruz_y_Fernández	Q55949613
personwd	Oscar_Bettison	Q29171713
personwd	Martin_Štrba_(cinematographer)	Q1750243
personwd	James_Mease	Q28800281
personwd	Eleanor_Platt	Q22919524
personwd	Carol_S._Pearson	Q28839758
personwd	Philippe_Wolfers	Q2057733
personwd	Caroline_Vu	Q28837203
personwd	Charles_Baskerville_(painter)	Q20200815
personwd	Harold_Bengen	Q1585771
personwd	Harry_S._Cummings	Q28862336
personwd	Isabelle_Bean	Q1673627
personwd	Guy_Achard	Q28869625
personwd	Vladimír_Morávek	Q6866971
personwd	Julius_Ševčík	Q28803897
personwd	John_Gottlieb_Morris	Q28963410
personwd	Elsie_P._Leach	Q28924066
personwd	Julia_Ideson	Q28921808
personwd	Creu_Casas	Q5790871
personwd	Yuriy_Lytvyn_(dissident)	Q12118113
personwd	Andrew_J._Moyer	Q4757423
personwd	Fanny_Elizabeth_de_Mole	Q29913462
personwd	Mary_Alice_Frush	Q29073984
personwd	Jean_Reboul	Q2067096
personwd	Stuart_Corbett	Q29167156
personwd	Ray_Evans_(cartoonist)	Q30602938
personwd	Margarita_Colmenares	Q29246383
personwd	Adele_Fasick	Q29330570
personwd	Lucy_Kaiser	Q30314506
personwd	Richard_Battye	Q29306140
personwd	Antonio_Martínez_Ron	Q28172439
personwd	Joseph_Gomer_(missionary)	Q30603931
personwd	Erich_Swoboda	Q15628949
personwd	Muna_Tseng	Q29617724
personwd	Pamela_Sunstrum	Q29617948
personwd	Ben_Sheldon	Q37616292
personwd	Robert_MacCoun	Q29791606
personwd	Mara_Belcheva	Q115598
personwd	Gabrielle_Civil	Q28864852
personwd	Thérèse-Lucy_de_Dillon	Q29850184
personwd	Wybert_Reeve	Q29913541
personwd	Adam_S._Lee	Q30069959
personwd	Anton_Fahne	Q589228
personwd	Amy_Dempsey	Q30007219
personwd	August_Friedrich_Schenck	Q16534240
personwd	Samuel_DeButts	Q30315017
personwd	Leslie_Thiess	Q30044627
personwd	Sir_Roger_Burgoyne,_6th_Baronet	Q28822949
personwd	André_Frédéric_Hartmann	Q15969119
personwd	Henriette_Odin_Feller	Q30129842
personwd	Duncan_Macfarlan	Q18730179
personwd	Orlando_Gutiérrez-Boronat	Q30182970
personwd	Louis_F._DiMauro	Q30594730
personwd	Reginald_Lister	Q30716444
personwd	Sarah_Brooks	Q31203522
personwd	Hagge_Geigert	Q5754561
personwd	Grenville_Mellen	Q42887183
personwd	Manoush_Zomorodi	Q41571330
personwd	Juan_González_Gómez	Q32292728
personwd	Ludmila_Foxlee	Q32406445
personwd	Vincenzo_Mirabella	Q4013409
personwd	Phyllis_Reid_Fenner	Q33103964
personwd	Severino_Albarracín	Q11949608
personwd	Martin_Barooshian	Q33123451
personwd	Michèle_Tertilt	Q28942564
personwd	Louise_Merzeau	Q15714075
personwd	Chris_McAndrew	Q33129411
personwd	Marie-Nicole_Vestier	Q33555326
personwd	Vera_Cummings	Q21462387
personwd	Liv_Strömquist	Q4980986
personwd	Sarah,_Lady_Pennington	Q18577002
personwd	Josephine_Rich	Q35054792
personwd	Joseph_Frederick_Ledsam	Q35122623
personwd	Eva_Galperin	Q35746033
personwd	Edward_Matthews_(author)	Q20732962
personwd	Wolfgang_Freyberg	Q26260901
personwd	Charlotte_Nickinson	Q24681443
personwd	Jane_Catharine_Tost	Q19977188
personwd	Archibald_Bruce_(mineralogist)	Q15700475
personwd	Elijah_Corlet	Q38402007
personwd	George_Hyde_Pownall	Q38186523
personwd	Richard_Tötterman	Q11890669
personwd	Rachel_Fitch_Kent	Q38286139
personwd	Una_Platts	Q27924871
personwd	Reah_Whitehead	Q39268360
personwd	Oscar_Hemberg	Q5800216
personwd	Patrick_Fennell	Q41751776
personwd	Matthew_Rankin	Q40363636
personwd	Nehemiah_Walter	Q38430678
personwd	Una_Deerbon	Q40889215
personwd	Catherine_MacLeod	Q18526714
personwd	George_Medley	Q26911914
personwd	Alexander_Hill_(minister)	Q18670671
personwd	Lucy_Goldthwaite	Q41497909
personwd	Alison_Kellow	Q17987448
personwd	Carina_Dahl_(writer)	Q4943897
personwd	Winifred_McGlamery	Q42291663
personwd	Jane_Chambers_McKinney_Graydon	Q42295702
personwd	Atiqa_Bano	Q42309899
personwd	Richard_Oliver_(radical)	Q18576880
personwd	Donald_J._Borror	Q1169626
personwd	Lord_John_Pelham-Clinton	Q26451728
personwd	Johann_Georg_van_Caspel	Q1889934
personwd	Evangelyn_Barsky	Q42613981
personwd	William_Wells_(whaling_master)	Q42883905
personwd	Jesse_Thistle	Q42675465
personwd	Naomi_Standen	Q42887707
personwd	Cathy_Elliott	Q42793767
personwd	Rob_Klose	Q47090778
personwd	Helen_Muspratt	Q18528171
personwd	Mary_Digges_Lee	Q1533556
personwd	Menachem_Kipnis	Q11777340
personwd	Marilla_Waite_Freeman	Q43269470
personwd	Jocelyne_Blouin	Q3179851
personwd	Sarah_Frances_Price	Q21523249
personwd	Becky_Parker	Q45319438
personwd	Samantha_Irby	Q44147237
personwd	Elsa_d'Esterre-Keeling	Q30087129
personwd	John_Lodge_(librarian)	Q44158236
personwd	Louisa_Knightley	Q18559818
personwd	Tyrone_Tootoosis	Q44098268
personwd	Stanley_Pargellis	Q44113800
personwd	John_Gray_(master_mariner)	Q44522857
personwd	Sara_Akbar	Q20393882
personwd	Philip_Rucker	Q34380436
personwd	Paul_Le_Mesurier	Q18534871
personwd	Andrew_McMichael	Q21165187
personwd	Peter_de_Lange_(botanist)	Q21389219
personwd	Jack_E._Davis	Q48804464
personwd	John_Donaldson_McCallum	Q45776697
personwd	Ben_Wizner	Q21498061
personwd	Emily_Steel	Q47087161
personwd	Barbara_Maples	Q47035005
personwd	Peter_Tábori	Q46816247
personwd	Elisabeth_von_Knobelsdorff	Q15450744
personwd	Deborah_Haynes	Q46960031
personwd	Adèle_Ferrand	Q2825428
personwd	Katherine_Reynolds_Lewis	Q46993342
personwd	Marica_Branchesi	Q46036363
personwd	Ronald_W._Hodges	Q21337810
personwd	Austin_Cooper_(artist)	Q23961601
personwd	Eli_Wasserscheid	Q19883457
personwd	Boris_Magaš	Q12628144
personwd	Thomas_Masters_(mayor)	Q47542028
personwd	Moisè_Tedeschi	Q47522677
personwd	May_Bradford_Shepherd	Q47486257
personwd	Helen_Norton_Stevens	Q47499260
personwd	Kristina_Halvorson	Q47499653
personwd	Jane_Scott,_Countess_of_Dalkeith	Q47508138
personwd	Cora_M._Beach	Q47517238
personwd	Lois_Randolph	Q47519268
personwd	Benjamin_Kedar-Kopfstein	Q47526079
personwd	Gabriela_Wiener	Q5873793
personwd	Marta_Aponte_Alsina	Q6001854
personwd	Cécile_Bart	Q3009705
personwd	James_Zachos	Q52996336
personwd	Cris_Peter	Q30931840
personwd	Charlotte_Deane	Q41048456
personwd	Guilherme_Gomes_Fernandes	Q48771303
personwd	James_Lumsden_(Lord_Provost,_died_1856)	Q19324996
personwd	John_Thomson_(librarian)	Q49706651
personwd	Walter_Arthur_Copinger	Q18759423
personwd	David_Richmond_(Lord_Provost_of_Glasgow)	Q49705699
personwd	Charles_Folsom	Q49888090
personwd	John_Lovejoy_Abbot	Q50032434
personwd	Peter_Nourse	Q50079367
personwd	Samuel_Shapleigh	Q50102429
personwd	Isaac_Smith_Jr.	Q50104882
personwd	Daniel_Gookin_(pastor)	Q50151222
personwd	William_de_Grey	Q50217222
personwd	Thomas_de_Grey_(1680–1765)	Q26775793
personwd	Thomas_Edwards_(Judge_Advocate_General_of_the_United_States_Army)	Q50300040
personwd	George_B._Davis	Q50314062
personwd	Conrad_Knowles	Q24082445
personwd	Mary_Louisa_Bruce,_Countess_of_Elgin	Q50675801
personwd	Xin_Lu	Q21264875
personwd	Niccolò_Gabburri	Q3339580
personwd	Margrete_Drejer	Q50378786
personwd	Lucy_Rogers	Q50386954
personwd	Philomène_Belliveau	Q3381174
personwd	Josephine_Sabel	Q50384331
personwd	Lylian_Klimek	Q17559936
personwd	Stefania_Malmsten	Q4965227
personwd	E._J._Milner-Gulland	Q1325724
personwd	Pete_James	Q50562391
personwd	Jumber_Jikia	Q50577156
personwd	Hazel_Vaughn_Leigh	Q50761568
personwd	Sheila_Minor	Q50809398
personwd	Laudo_Ferreira	Q18276672
personwd	André_Diniz	Q2847656
personwd	Nandita_Mahtani	Q50825709
personwd	Peter_Finch_Martineau	Q50975499
personwd	Faith_Osier	Q21259711
personwd	Emma_Hutchinson	Q51051504
personwd	Selma_L._Oppenheimer	Q51719432
personwd	Henning_Koppel	Q1605510
personwd	Thibault_Métezeau	Q3524037
personwd	Javier_Nart	Q5928039
personwd	Stuart_Pottasch	Q21546715
personwd	Julia_O._Flikke	Q52615892
personwd	Thomas_Fermor,_1st_Earl_of_Pomfret	Q42087302
personwd	Vladimir_Bolotin	Q4090882
personwd	Carla_Juaçaba	Q51701630
personwd	Darach_Ó_Séaghdha	Q52063097
personwd	Harriot_Daley	Q52062869
personwd	Kaouther_Adimi	Q3192835
personwd	Juan_Avilés_Farré	Q18711922
personwd	Kitty_Lovell-Smith	Q23930976
personwd	Ivan_Neumyvakin	Q28701818
personwd	Elise_Blenker	Q18612893
personwd	Charlotte_Abramow	Q50804795
personwd	Franklin_De_Haven	Q21292885
personwd	Gamaliel_S._Olds	Q52787581
personwd	Pier_Francesco_Foggini	Q3382673
personwd	Gustav_Philipp_Mörl	Q53007522
personwd	Simon_Pelloutier	Q1547857
personwd	Berend_Kordes	Q23060976
personwd	Edward_W._Wright	Q53041175
personwd	Daniel_Dorchester	Q53069343
personwd	Eduard_Maria_Oettinger	Q120261
personwd	Georg_Otho	Q1505539
personwd	Edmund_Otis_Hovey_(Wabash_College)	Q53287072
personwd	Margaret_Elizabeth_Buchanan	Q53361167
personwd	Nathaniel_Herrick_Griffin	Q53345241
personwd	Benedikt_Maria_Leonhard_von_Werkmeister	Q816983
personwd	Linda_Zervakis	Q1148178
personwd	Albert_Frick_(theologian)	Q52788703
personwd	Jacopo_Morelli	Q3791431
personwd	Johann_Sigismund_Mörl	Q53577577
personwd	Johann_Georg_Lairitz	Q1647335
personwd	Georg_Joachim_Mark	Q23564519
personwd	Michael_Lilienthal	Q97192
personwd	Antonio_Sandini	Q30902518
personwd	Samuel_Cram_Jackson	Q53678008
personwd	Johann_Friedrich_Gaab	Q15432258
personwd	Pierre_Guarin	Q3385355
personwd	Paolo_Maria_Paciaudi	Q3362645
personwd	Johannes_Vorst	Q21544173
personwd	Péter_Bod	Q832873
personwd	August_Friedrich_Pfeiffer	Q761316
personwd	August_Kayser	Q53746391
personwd	Henri-Michel_Guedier_de_Saint-Aubin	Q18736524
personwd	Christian_Frederic_Crusé	Q50741153
personwd	Anstey_Giles	Q53836485
personwd	Robert_Morel	Q53810604
personwd	Ernst_Hermann_Joseph_Münch	Q107296
personwd	Per_I._Gedin	Q5754126
personwd	Joseph_Pletz	Q47067551
personwd	Richard_E._Hallgren	Q55264310
personwd	Sarah_Lavoine	Q3473370
personwd	Harold_Hailstone	Q29838392
personwd	Pierre_Ramus	Q89911
personwd	Dinah_Prentice	Q54307337
personwd	Vladimír_Kokolia	Q11906259
personwd	Pamela_Scott_Wilkie	Q21461979
personwd	Fatimah_Asghar	Q54323304
personwd	Robert_Groves_(artist)	Q21453207
personwd	Olivier_Vadrot	Q56010317
personwd	Milo_Randolph_Perkins	Q18123033
personwd	Otto_Böckler	Q2038387
personwd	George_Cressman	Q55417893
personwd	Ria_Wägner	Q4990759
personwd	William_Wadden_Turner	Q6217159
personwd	Miksa_Róth	Q220352
personwd	Aseel_Al-Hamad	Q55223914
personwd	Sammi_Rotibi	Q19629645
personwd	Agnes_Macready	Q55419347
personwd	J._A._Green_(photographer)	Q55614742
personwd	Mercie_Lack	Q55380028
personwd	Hezekiah_Beardsley	Q29889244
personwd	Oriol_Mitjà	Q24291756
personwd	Bianca_Pinheiro	Q23892678
personwd	Julia_Bax	Q19710381
personwd	Carmen_Tessier	Q28854975
personwd	Lynn_Pulou-Alaimalo	Q55584524
personwd	Abraham_de_Broen	Q5587110
personwd	Ana_Luiza_Koehler	Q29145435
personwd	Belle_Linsky	Q30557313
personwd	Nathaniel_Byfield	Q55587443
personwd	Samuel_Cutts	Q55594104
personwd	André_Vazzios	Q48871912
personwd	Elizabeth_Ilive	Q23691658
personwd	Edmund_Abaka	Q55759653
personwd	Jennifer_Couëlle	Q16645705
personwd	Mariló_Montero	Q5558699
personwd	José_Luis_Villacañas	Q5941791
personwd	Johanne_Pedersen-Dan	Q4972233
personwd	John_Crawford_Woods	Q55979093
personwd	Lizzie_Petit_Cutler	Q55816415
personwd	John_Crawford_(physician)	Q55830516
personwd	Edward_Thomas_Abrams	Q21198357
personwd	Amy_Stokes_Barton	Q29642154
personwd	Anna_A._Angell	Q22815194
personwd	Michèle_Pirazzoli-t'Serstevens	Q50228512
personwd	Charles_Wheeler_Denison	Q55899818
personwd	Caroline_Vigneaux	Q2940075
personwd	Julia_Farr	Q21536016
personwd	Caroline_Coventry_Haynes	Q21391528
personwd	Harriet_Stirling	Q63119741
personwd	Edward_M._Hartwell	Q56046985
personwd	Fiona_Macintosh	Q55154425
personwd	Francesco_Botti	Q3749660
personwd	Josephine_Collins	Q58198518
personwd	Charles_Foot_Tayler	Q56190753
personwd	Edvard_Stjernström	Q6190745
personwd	Finn_Gjerdrum	Q22260782
personwd	Brian_Thompson_(footballer,_born_1938)	Q56217797
personwd	Jane_Fletcher_(Australian_writer)	Q21539702
personwd	Marilú_Mallet	Q18221658
personwd	Friederike_Becht	Q15431511
personwd	Henry_A._Homes	Q18508286
personwd	Lewis_Balfour	Q56489394
personwd	Yet_Soo_War_Way_Lee	Q24205027
personwd	Alice_Maria_Ottley	Q21388357
personwd	Jacob_Schwartz_(librarian)	Q19423796
personwd	Frederic_Vinton_(bibliographer)	Q56696271
personwd	Sarah_Hallam_Douglass	Q18917454
personwd	Vera_Bulich	Q4098934
personwd	Pål-Nils_Nilsson	Q6011705
personwd	Orville_Augustus_Roorbach	Q56679039
personwd	Henry_Butts	Q28089968
personwd	Agatha_Biddle	Q57158895
personwd	Faith_Vilas	Q56570379
personwd	Cathrine_Dahl	Q30030270
personwd	Henry_Jacob_Winser	Q57335091
personwd	Frances_Naomi_Clark	Q39180534
personwd	Patrícia_Campos_Mello	Q57273347
personwd	Tracey_Slaughter	Q56085518
personwd	Akumaa_Mama_Zimbi	Q39406437
personwd	Joseph_Hine_Rylance	Q57979355
personwd	Gustave_Hermite	Q57944007
personwd	Helen_Hoy_Greeley	Q58085518
personwd	Jean_Bolinder	Q5581210
personwd	Jean_Edna_Blackburn	Q58193454
personwd	Frederick_Saunders_(librarian)	Q51570527
personwd	William_Fargo_Kip	Q58256264
personwd	Margit_Sahlin	Q4976492
personwd	J._Stewart_Marshall	Q3156833
personwd	Frank_Barna_Bigelow	Q58336392
personwd	William_Mayhew_(librarian)	Q58418214
personwd	Nicolas_Perignon	Q20926466
personwd	Daniel_Steele_Durrie	Q55721404
personwd	Eddie_Brocklesby	Q58755454
personwd	Francesca_Uriri	Q58755985
personwd	Samuel_Huckel	Q55132276
personwd	Samuel_Bayard_Woodward	Q44183990
personwd	Helen_Rex_Keller	Q53852038
personwd	Etta_Haynie_Maddox	Q60198051
personwd	Florentine_Mulsant	Q15407035
personwd	Daniel_Oliver_(physician)	Q59569681
personwd	John_Neale_(MP)	Q28955012
personwd	Henry_Robert_Frankel	Q59406756
personwd	Marilyn_Anderson	Q44754645
personwd	Thomas_George_Crippen	Q21964277
personwd	Jean_Dumontier	Q60234449
personwd	Mari_Yoshihara	Q11412728
personwd	Ernest_Clarke	Q17033833
personwd	Raoul_du_Bisson	Q60792662
personwd	Ellen_Robinson	Q18528665
personwd	James_Ramsey_Murray	Q5998000
personwd	William_Northrup_McMillan	Q60676422
personwd	Mary_Almera_Parsons	Q55720707
personwd	Myra_Reynolds	Q107576069
personwd	Mikko_Kärnä	Q18633181
personwd	John_Deas_Thomson	Q21165737
personwd	Paula_Vennells	Q60629364
personwd	Mary_Elizabeth_Lee	Q28039655
personwd	Emily_Gorcenski	Q60649737
personwd	David_Lebe	Q63384901
personwd	Bessie_Dwyer	Q60668578
personwd	Bernardo_de_Iriarte	Q5726969
personwd	Brittany_Nelson	Q67214263
personwd	Raymond_Desjardins	Q61763463
personwd	Aquila_Giles	Q61639787
personwd	Eva_Ramón_Gallegos	Q28747641
personwd	Isami_Enomoto	Q61642492
personwd	Walter_Kaudern	Q5903709
personwd	Judith_Ann_Carter_Horton	Q60298024
personwd	Edith_Major	Q18671016
personwd	Augustus_Allen_Hayes	Q55900821
personwd	Mervyn_Archdall_(senior)	Q24239141
personwd	Alice_Brusewitz	Q61634864
personwd	Stéphane_Bortzmeyer	Q20742941
personwd	Mary_Reynolds_(artist)	Q1906378
personwd	Sue_Innes	Q62018369
personwd	Barbara_Bolt	Q59530607
personwd	Suhanya_Raffel	Q62007778
personwd	Dudleya_North	Q18527859
personwd	Elizabeth_Ordway	Q62016451
personwd	Lily_Daff	Q62005421
personwd	Helena_Cortesina	Q5893647
personwd	Anton_Hrnko	Q12762465
personwd	James_Philip_Elliott	Q2733381
personwd	Darren_Harriott	Q62072495
personwd	Alexander_Maysuryan	Q4275168
personwd	Mary_Gray_Peck	Q62108619
personwd	Prudence_Punderson_Rossiter	Q62112764
personwd	Gouverneur_Emerson	Q62126007
personwd	Floretta_McCutcheon	Q55721540
personwd	Deborah_Goldsmith	Q52154728
personwd	Emma_Jane_Cady	Q52150223
personwd	Kandis_Williams	Q63117809
personwd	Friedrich_Simon_Bodenheimer	Q7496986
personwd	Sara_Mishara	Q62604865
personwd	Consuelo_Jimenez_Underwood	Q64740301
personwd	Liliana_Colanzi	Q27431188
personwd	Ani_Villanueva	Q42853669
personwd	Reuben_W._Coon	Q62705363
personwd	Frederick_Charles_Ward	Q21537846
personwd	Susan_Smith_Richardson	Q62724815
personwd	Nick_Kosir	Q62762131
personwd	Nicolas_Hénin	Q16666494
personwd	Darius_Clark_Monroe	Q63117854
personwd	Marlon_Mullen	Q28871734
personwd	Redoshi	Q63040053
personwd	Thando_Hopa	Q11576909
personwd	Richard_Astley_(Warden_of_All_Souls)	Q65058989
personwd	Percy_W._Wise	Q21537085
personwd	Laurel_Haak	Q20468209
personwd	Gilbert_Marks	Q63254626
personwd	Santos_Juliá	Q5393098
personwd	Léo-Paul_Robert	Q16334540
personwd	Simone_Arnold_Liebster	Q438872
personwd	Isabella_Skinner_Clarke–Keer	Q63716702
personwd	Thomas_Sunter	Q64006126
personwd	Geoff_Baylis	Q13423966
personwd	John_Edmonds_(artist)	Q65029549
personwd	Greg_Younging	Q61058169
personwd	Richard_Talbot_Kelly	Q21466349
personwd	Sir_Miles_Stapylton,_4th_Baronet	Q30318464
personwd	Sylvie_Readman	Q55219442
personwd	Sonia_Haoa_Cardinali	Q63616079
personwd	Greg_Poole	Q63676872
personwd	Kamila_Ženatá	Q12027909
personwd	Alexander_Yanshin	Q4538341
personwd	Mildred_Ratcliffe	Q63872518
personwd	Liselle_Terret	Q64010214
personwd	Erik_Björkdal	Q59588079
personwd	Walter_Beick	Q63993496
personwd	Norman_Tiptaft	Q64374355
personwd	Adam_Rubin	Q55624209
personwd	John_Glasse	Q65041019
personwd	Mary_Gernat	Q64067695
personwd	Ivonne_Higuero	Q64152359
personwd	Marietta_Baderna	Q39061928
personwd	Henry_Pickering_Walcott	Q55284779
personwd	David_Lord_(producer)	Q64221214
personwd	Marion_Kirker	Q49466835
personwd	Maria_Zhilova	Q3291089
personwd	Mariam_Lortkipanidze	Q4267000
personwd	Anne_Sewitsky	Q17107235
personwd	John_Ingram_(revolutionary)	Q65044010
personwd	Leslie_F._Stone	Q64481957
personwd	Tim_Halliday	Q64551669
personwd	Hampton_W._Wall	Q64748560
personwd	Noel_Lloyd	Q38209921
personwd	Artur_Lind	Q16406665
personwd	Ernst_Haenchen	Q1358458
personwd	Charles_Bonnet_(archeologist)	Q2958576
personwd	Richard_Sargent	Q6108700
personwd	Sidney_Jellicoe	Q76377027
personwd	William_Balfour_Ker	Q62775285
personwd	Mary_Ellen_Sigsbee	Q52156207
personwd	Edward_Walter_(British_Army_officer)	Q18954166
personwd	Osvaldo_Borsani	Q37520954
personwd	Claire_Deschênes	Q64952130
personwd	Georges_Chenet	Q15811849
personwd	Michael_Brand_(composer)	Q64905707
personwd	Aldo_Mieli	Q2885857
personwd	Willoughby_Wallace_Hooper	Q23661890
personwd	Abdelfattah_Amor	Q2821012
personwd	Frances_Campbell_Sparhawk	Q65555180
personwd	John_Gibbes_(Carolina)	Q65560830
personwd	Françoise_Massy	Q65562664
personwd	Brian_P._Wernicke	Q58811093
personwd	Eva_Harth	Q65969296
personwd	Matthew_Olzmann	Q64809437
personwd	Krys_Lee	Q58043975
personwd	Cynthia_Arrieu-King	Q64734140
personwd	Liv_Inger_Somby	Q47148891
personwd	Amanda_Kernell	Q26921021
personwd	Percy_William_Gibbs	Q20493094
personwd	Sara_Szyber	Q4981721
personwd	Shashikala_Dahal	Q66486498
personwd	Penny_James	Q66498816
personwd	Melba_Escobar	Q63041747
personwd	Cyril_James_Frost	Q21466107
personwd	Otto_Lueger	Q91916
personwd	Sigrid_Maurer	Q1618939
personwd	Hanna_Herbst	Q66133411
personwd	Anna-Katharina_Messmer	Q66297206
personwd	Georges_Focus	Q43265302
personwd	Alice_K._Bache	Q66712542
personwd	Frederick_Keppel_(art_dealer)	Q62685926
personwd	Miguel_Fisac	Q3314962
personwd	Ulrich_B._Schmid	Q66484460
personwd	Annika_Zimmermann	Q18335141
personwd	Dagmar_Rosenfeld	Q28843218
personwd	Eduardo_González_Calleja	Q5819273
personwd	Sophie_Pedder	Q47088343
personwd	Sam_Zeloof	Q66982260
personwd	John_Michael_Crossland	Q21153759
personwd	Joan_Maria_Thomàs	Q19299919
personwd	Nina_Samorodin	Q66712376
personwd	José_María_Marco	Q63871328
personwd	Laurence_L._Sloss	Q25659288
personwd	José_Luis_Rodríguez_Jiménez	Q19731012
personwd	Mary_Glackin	Q67201490
personwd	Stéphan_Fauve	Q33116312
personwd	Antonio_Caño	Q22927392
personwd	Ferran_Gallego	Q8961451
personwd	Jenny_Küttim	Q4960191
personwd	José_Ignacio_Torreblanca	Q67283998
personwd	Eric_Abrahamsen	Q67516470
personwd	Andrew_Le_Mercier	Q57594306
personwd	John_Sherrod	Q57785918
personwd	Eunice_Rockwood_Oberly	Q56618700
personwd	Edward_Joris	Q21514650
personwd	Rainer_Opitz	Q68144452
personwd	Philip_Tidyman	Q21610724
personwd	Johan_H:son_Kjellgren	Q5815238
personwd	Olive_Snell	Q21461447
personwd	John_Deffett_Francis	Q19842165
personwd	Soumia_Benkhaldoun	Q19960810
personwd	Birgit_Vennesland	Q17521610
personwd	Catherine_Alexander_(botanist)	Q70417370
personwd	Isaac_de_Broen	Q5587113
personwd	Mathew_Owens	Q85784309
personwd	Enric_Juliana	Q8776033
personwd	Vivian_Garrison	Q53476369
personwd	José_Álvarez_Junco	Q9014964
personwd	Ebba_Lindkvist	Q59656562
personwd	Chris_Ealham	Q18762204
personwd	Elsa_Matilde_Zardini	Q5651502
personwd	Carlos_Forcadell	Q5494662
personwd	Rida_al-Tubuly	Q71172764
personwd	José_Carlos_Mainer	Q5938802
personwd	Sarah_Kirby-Stark	Q69112174
personwd	José_María_Portillo_Valdés	Q9090701
personwd	Lee_Wai_Chun	Q11096548
personwd	Tita_Larasati	Q54673076
personwd	Batsyayana	Q73393541
personwd	Jack_Cable_(software_developer)	Q94613811
personwd	Florence_Rising_Curtis	Q56165508
personwd	Yu_Feng	Q15946531
personwd	Walter_F._H._Blandford	Q22114453
personwd	Lily_Lau_Lee_Lee	Q61850010
personwd	Joanna_Sułkowska	Q30231698
personwd	John_McRay	Q75228011
personwd	Pat_Pope	Q75187803
personwd	Carlos_Martínez_Shaw	Q8479485
personwd	Patrick_W._Skehan	Q75620363
personwd	Harry_Y._Gamble	Q75757929
personwd	Doğan_Güzel	Q268285
personwd	Filip_Julius_Bernhard_von_Platen	Q2086269
personwd	Robert_F._Shedinger	Q76183676
personwd	William_Dillwyn	Q56176246
personwd	Émile_Bastien-Lepage	Q21288825
personwd	Susan_H._Hildreth	Q77150088
personwd	Julio_Gil_Pecharromán	Q11044516
personwd	Christianné_Allen	Q78081916
personwd	Carl_Jörn	Q4205982
personwd	Xabier_Pikaza	Q6169062
personwd	Thomas_Nelson_Winter	Q78437393
personwd	Émilie_Delorme	Q52629342
personwd	Thomas_Berglund_(corporate_executive)	Q85809169
personwd	Benoît_Pellistrandi	Q2387844
personwd	John_Summerfield	Q79281346
personwd	Renato_Pampanini	Q133535
personwd	Monica_Walker_(illustrator)	Q79596582
personwd	Pinhas_Alpert	Q20502675
personwd	William_Henry_Jackson_(priest)	Q79678636
personwd	Giulio_Negrone	Q52154000
personwd	Swietenia_Puspa_Lestari	Q71229673
personwd	Mark_Renn	Q80918310
personwd	Gerald_Fitzgerald_(artist)	Q81100274
personwd	Paula_Woof	Q81197274
personwd	Somerset_Playne	Q81387706
personwd	Theresa_Walker	Q46045557
personwd	George_Washington_Rodgers_(1787–1832)	Q61944593
personwd	Griffith_William_Hughes	Q20748831
personwd	Dafydd_Roberts	Q20738023
personwd	Edward_Parry_(Methodist_preacher)	Q20732970
personwd	Alun_Ogwen_Williams	Q20746755
personwd	Watcyn_Samuel_Jones	Q20738174
personwd	Evan_Davies_(Myfyr_Morganwg)	Q13128324
personwd	Maggie_Oliver_(actor)	Q19976872
personwd	F._J._Mears	Q81659129
personwd	Tracie_D._Hall	Q82342921
personwd	Jüri_Aarma	Q16403119
personwd	Stephanie_Turco_Williams	Q82822778
personwd	Charles_Perrot_(priest)	Q2959975
personwd	Maggie_Thompson_(artist)	Q87471834
personwd	Melanie_Amann	Q28860557
personwd	Mia_Mingus	Q85011114
personwd	Margot_Mayo	Q81217312
personwd	Sivan_Beskin	Q16132115
personwd	Mary_Elizabeth_Barnicle	Q81247547
personwd	Manuel_Antônio_Farinha,_Count_of_Sousel	Q10323958
personwd	Jesus_Santiago_Moure	Q3177728
personwd	Antonio_Maestre	Q23891142
personwd	Vasilis_Gregoriou	Q80217118
personwd	Sarah_Gertrude_Knott	Q81413806
personwd	Henry_Phillips_(author)	Q12348827
personwd	Karl-Heinz_Rädler	Q1551109
personwd	Jost_Liebmann	Q85358782
personwd	Claribel_Ruth_Barnett	Q56650039
personwd	Julia_Ebner	Q51577952
personwd	Maude_E._Aiton	Q80142572
personwd	Job_Nixon	Q21459794
personwd	Fuensanta_Nieto	Q19902909
personwd	Yousra_Elbagir	Q55057972
personwd	Shahra_Razavi	Q85800594
personwd	François_Bœspflug	Q18214162
personwd	Patrizia_Laeri	Q55452868
personwd	Maurice_Jacob	Q1679950
personwd	Benjamin_Attahir	Q54932604
personwd	Everette_Joseph	Q85850509
personwd	Miss_La_La	Q28841980
personwd	Jan_Milíč_Lochman	Q125042
personwd	Edward_Arthur_Steinhaus	Q16542903
personwd	John_Grant_McKenzie	Q86906547
personwd	Mary_Winifrid_Smith	Q21457836
personwd	William_Thomas_Goode	Q87269708
personwd	Herschel_Clay_Baker	Q59524770
personwd	Mary_Featherston	Q86944312
personwd	Karla_Avelar	Q87075411
personwd	Joseph_Glass_(potter)	Q87411281
personwd	Thomas_John_McMahon	Q87409777
personwd	Arthur_Siegel_(photographer)	Q24704131
personwd	Luisa_Cuesta	Q55815577
personwd	Nanfadima_Magassouba	Q87442540
personwd	Mindy_Seu	Q85352759
personwd	Bache_McEvers	Q76290978
personwd	Christian_Drosten	Q1079331
personwd	Andrea_Branzi	Q2846309
personwd	Jean_Margain	Q55772338
personwd	Jean-Claude_Haelewyck	Q87910106
personwd	Georges_Bohas	Q55950001
personwd	Stephen_Schwartz_(pathologist)	Q61161331
personwd	William_Maskell	Q18735927
personwd	Walther_Sallaberger	Q2547409
personwd	Carlos_Fernández_Liria	Q8263912
personwd	Michela_Magas	Q88466765
personwd	Iørn_Piø	Q12318722
personwd	Thomas_Römer	Q3525535
personwd	Moncho_Alpuente	Q2840762
personwd	Lewis_Jarvis_Harvey	Q21536295
personwd	Eva_Channing	Q66698909
personwd	Ida_Clark_DePriest	Q66691192
personwd	Jean-Philippe-René_de_La_Bléterie	Q3168735
personwd	Carl_Salemann	Q171243
personwd	Tamara_Cohen	Q89356076
personwd	Rafael_de_La-Hoz_Castanys	Q6098119
personwd	Giuseppe_Montalenti	Q3771033
personwd	Francisco_Hernando_Contreras	Q3081861
personwd	Graham_Medley	Q45562491
personwd	François_du_Val_de_Fontenay-Mareuil	Q72688029
personwd	Gustav_Georg_Zeltner	Q1555851
personwd	Riay_Tatary	Q5679000
personwd	Anton_Sebastianpillai	Q89697563
personwd	Rose_Monteiro	Q28519226
personwd	William_M._Blackford	Q64015047
personwd	Jean-François_Hue	Q3165666
personwd	Hermann_Fulda	Q51596951
personwd	Paul_Wilhelm_Schmidt	Q2063128
personwd	Thomaz_Farkas	Q101242766
personwd	Henri_Cazelles	Q3130808
personwd	Jesús_Vaquero	Q91027609
personwd	Lila_Fenwick	Q90419272
personwd	Nellie_B._Eales	Q91276305
personwd	James_Magee_(sea_captain)	Q96384140
personwd	Miguel_Ángel_Troitiño	Q24940009
personwd	Meera_Chand	Q58880885
personwd	Cecil_Shadbolt	Q52305907
personwd	Mary_Elizabeth_Pidgeon	Q66750879
personwd	Laureano_Oubiña	Q12391635
personwd	Robert_H._Locke	Q7346965
personwd	Diane_Atnally_Conlin	Q55090005
personwd	Étienne_Taillemite	Q3592368
personwd	Dmitri_Badin	Q93356261
personwd	Doris_Hargrett_Clack	Q56478874
personwd	Lee_Tze_Chung	Q7226855
personwd	Grant_Tullar	Q6216575
personwd	Motoko_Fujishiro_Huthwaite	Q94128948
personwd	Carolyn_Reidy	Q94249170
personwd	Ann_McBride_Norton	Q94440707
personwd	Walter_Klaiber	Q2545067
personwd	Chester_Ray_Longwell	Q1070740
personwd	Ernesto_Bark	Q5836778
personwd	John_Lansing_Wendell	Q94995491
personwd	Henri_Lachmann	Q3131396
personwd	Vidyamala_Burch	Q96134397
personwd	Terisa_Siagatonu	Q64820013
personwd	John_Neilson_(colonel)	Q47774183
personwd	Julia_Franzén	Q95511735
personwd	Gilbert_Kaenel	Q3105749
personwd	Louis_Sinclair	Q26722358
personwd	Benigna_Zinzendorf	Q55721311
personwd	Nita_Pippins	Q95884256
personwd	Angela_Onwuachi-Willig	Q96150875
personwd	Johannes_Smetius	Q14632953
personwd	Ahutoru	Q16162027
personwd	Margaret_Santiago	Q62056159
personwd	Enrique_Forero	Q16492718
personwd	Tracy_Daszkiewicz	Q96280604
personwd	Lambert_Bidloo	Q55911422
personwd	Eva_Roe_Gaggin	Q20873852
personwd	Simon_Evans_(director)	Q98133190
personwd	Thomas_Walker_Bee	Q96586687
personwd	Pierre_Henri_Vaillant	Q3387216
personwd	Evelyn_Groesbeeck_Mitchell	Q89810719
personwd	William_E._Gleason	Q97066270
personwd	Ángel_Bahamonde_Magro	Q6173062
personwd	Elizabeth_Mrema	Q89678372
personwd	Hemi_Pomara	Q96766065
personwd	Kevin_Scannell	Q63351602
personwd	Jimmy_Demianus_Ijie	Q96988315
personwd	Mamah_Dedeh	Q18421263
personwd	Susan_Minns	Q97586047
personwd	Victor_Wilhelm_Lindauer	Q21519131
personwd	Oliver_Frazer	Q21995263
personwd	Silvia_Pressel	Q88845367
personwd	William_Gillan_Waddell	Q59627833
personwd	Eduardo_Barrón_González	Q1290825
personwd	Frances_Dolina_Ellis	Q57083594
personwd	Kinshasha_Holman_Conwill	Q28865163
personwd	Kelly_Anne_Shepherd	Q21392387
personwd	Marja_Bål_Nango	Q63382768
personwd	Marwan_Abboud	Q98075283
personwd	Nazar_Najarian	Q98074662
personwd	Charles_Freegrove_Winzer	Q21462801
personwd	Brian_Hainline	Q90181967
personwd	Jane_Dowling	Q21458173
personwd	Rebecca_B._Rankin	Q56721158
personwd	José_Ruiz_de_Arana_y_Saavedra,_Duke_of_Baena	Q98461275
personwd	Milan_Smiljanić_(priest)	Q31186128
personwd	Hugh_Cameron_(artist)	Q21454519
personwd	Janie_Wilkinson_Whyte	Q98528559
personwd	Ruth_Garver_Gagliardo	Q56697148
personwd	Patricia_Phillippy	Q98737615
personwd	Blanche_Wilkins_Williams	Q98558446
personwd	Peter_M._Howley	Q2075824
personwd	Agatha_Tiegel_Hanson	Q98567705
personwd	Gertrude_Scott_Galloway	Q15427003
personwd	Josiah_Eustace_Dodd	Q24218720
personwd	Antonia_Domínguez_y_Borrell	Q9157764
personwd	Ada_E._North	Q69351809
personwd	Liliya_Vlasova	Q98669413
personwd	Yael_Eisenstat	Q82046593
personwd	Christian_Franzen_(photographer)	Q2965262
personwd	Elizabeth_Boase	Q96749243
personwd	Andrea_Donnellan	Q56970129
personwd	Lazarus_Marcquis	Q55905537
personwd	Agner_Fog	Q58806631
personwd	Dmitri_Chorny	Q4518785
personwd	Marthen_Douw	Q96987339
personwd	Frederick_Charles_Bawden	Q2696470
personwd	Edward_Lee_Kwong_Foo	Q94700905
personwd	Shiv_Ramdas	Q98906330
personwd	Yana_Zavatskaya	Q98923566
personwd	Morrison_Heady	Q94649819
personwd	Nansie_S._Sharpless	Q98925264
personwd	Emma_Osterman_Elmer	Q92548867
personwd	William_Snook	Q18757260
personwd	Velma_Hopkins	Q98960134
personwd	Margaret_Hall_(photographer)	Q98960645
personwd	Jerry_Harris_(scientist)	Q96245058
personwd	David_John_Bedford	Q21505867
personwd	Ahmad_Basarah	Q18421250
personwd	Aimé_Laussedat	Q382177
personwd	W.A._Lamborn	Q99236118
personwd	W.G._Liston	Q99240697
personwd	Yvonne_Pitrois	Q25408357
personwd	Elva_Blacker	Q21457612
personwd	Robinson_Devor	Q26885224
personwd	Putih_Sari	Q18421415
personwd	Aleksandr_Kots	Q4236308
personwd	Angeline_Fuller_Fischer	Q99399758
personwd	Carolina_Freyre	Q15714773
personwd	Josie_R._Johnson	Q99459305
personwd	Nicolò_D'Amico	Q60286855
personwd	Adolphe_Hirsch	Q5806775
personwd	Cadwallader_Lincoln_Washburn	Q21794068
personwd	Fernando_Becker	Q50195099
personwd	Ulrich_Almer	Q3547955
personwd	Ruth_Taiko_Watanabe	Q59631376
personwd	Eberhard_Rebling	Q216336
personwd	Ilda_Aurora_Pinheiro_de_Moura_Machado	Q100146623
personwd	Anatoliy_Baranov	Q4077721
personwd	Bernice_Akamine	Q98803967
personwd	Kathinka_Rebling	Q1736263
personwd	Carl_Nathorst	Q16507433
personwd	Ann_Kocsis	Q97070136
personwd	James_Hazel_Adamson	Q100905873
personwd	Julio_Aróstegui	Q11686845
personwd	Bogdan_Medaković	Q60818313
personwd	Marjorie_Maynard	Q100819139
personwd	Anna_Zhuchkova	Q84718722
personwd	Dorota_Łoboda	Q101084325
personwd	Nadia_Oleszczuk	Q101084322
personwd	Dominika_Lasota	Q101096660
personwd	Beata_Chmiel	Q101110791
personwd	Bożena_Przyłuska	Q101112660
personwd	Ahmed_Ibrahim_Awale	Q88806574
personwd	Kinga_Łozińska	Q101171364
personwd	Katarzyna_Bierzanowska	Q101178573
personwd	May_Shiga_Hornback	Q85544547
personwd	Robert_Peters_Napper	Q11945792
personwd	Honoria_Lawrence	Q19325993
personwd	Mirosława_Makuchowska	Q101209925
personwd	Ola_Kaczorek	Q101210429
personwd	Katarzyna_Pikulska	Q101243280
personwd	Petra_Fandrem_Howard	Q101243438
personwd	Dalani_Tanahy	Q101250886
personwd	Francisco_Antônio_de_Almeida_Júnior	Q99836778
personwd	Drusilla_R._Poole	Q85630836
personwd	Puanani_Van_Dorpe	Q101251397
personwd	Nell_V._Beeby	Q84950245
personwd	Yusaku_Kamekura	Q834449
personwd	Catherine_Vidal_(actress)	Q66619562
personwd	Ernest_John_Revell	Q60392536
personwd	Larry_S._Gibson	Q101535270
personwd	Kaji_(poet)	Q11588434
personwd	Karlis_Princis	Q20564468
personwd	Richard_Henry_Yapp	Q21613245
personwd	Yuri_(poet)	Q98594613
personwd	Sebastian_Słowiński	Q101716696
personwd	Malia_Solomon	Q101413349
personwd	Mary_Jewett_Pritchard	Q101865396
personwd	Poppy_Noor	Q101989296
personwd	Euan_Lucie-Smith	Q102027840
personwd	Mary_Eliza_Leslie	Q100439905
personwd	Lilla_Leach	Q80759288
personwd	Cora_Johnstone_Best_and_Audrey_Forfar_Shippam	Q104871722
personwd	Roy_Parkinson	Q102105620
personwd	José_Macpherson	Q5941918
personwd	Kawahigashi_Hekigotō	Q1737276
personwd	Sōjō_Hino	Q1411055
personwd	Shūōshi_Mizuhara	Q1940999
personwd	Agata_Grzybowska	Q102261668
personwd	Jan_van_Toorn	Q2523286
personwd	Yamaguchi_Seishi	Q2599126
personwd	Kawabata_Bōsha	Q11479116
personwd	Ishida_Hakyō	Q1673877
personwd	Saitō_Sanki	Q2213358
personwd	Tony_O'Connor_(teacher)	Q102865433
personwd	Harriet_Isabel_Adams	Q50334861
personwd	Andrey_Ivanovich_Kolganov	Q4227628
personwd	Marian_Pease	Q18529015
personwd	Carolyn_F._Wilkins	Q26713651
personwd	Andrei_Ostapovich	Q103815915
personwd	Vladimir_Ogorodnikov	Q103842777
personwd	Susan_Perkins_(scientist)	Q44081264
personwd	Cary_Coke	Q75258538
personwd	Gintaras_Kantvilas	Q18986051
personwd	Volodymyr_Rvachov	Q4391414
personwd	John_Alan_Elix	Q21339171
personwd	Charles_Bastard	Q54311785
personwd	Edward_Wetherill	Q111939582
personwd	Neville_Grant_Walsh	Q6041421
personwd	Lyn_G._Cook	Q21513434
personwd	Francisco_Sans_Castaño	Q5867412
personwd	Deja_Perkins	Q104214148
personwd	Rex_Bertram_Filson	Q21339388
personwd	Sehin_Teferra	Q104284113
personwd	Georgia_Griffith_(educator)	Q104369261
personwd	Remigio_Nannini	Q21768292
personwd	Charles_W._Kenn	Q104433262
personwd	Gioacchino_Di_Marzo	Q16559444
personwd	Young_Joon_Kwak	Q104486261
personwd	Keti_Chukhrov	Q55656577
personwd	Daniel_L._Kastner	Q96817021
personwd	Sérgio_Dávila	Q104533737
personwd	Lucy_Burwell_Page_Saunders	Q104557026
personwd	Ivan_Pranishnikoff	Q3156172
personwd	Pierrette_Hélène_Pinet	Q104552038
personwd	Martha_Kuwee_Kumsa	Q104634790
personwd	Martine_Rebetez	Q57590451
personwd	Suzanne_Batra	Q12355468
personwd	Carmala_Garzione	Q87898100
personwd	Reginald_Goss-Custard	Q28473333
personwd	Walter_A._Hill	Q64021059
personwd	Loeske_Kruuk	Q34004389
personwd	Jacob_Blanck	Q59531409
personwd	Adolfo_Aizen	Q9583414
personwd	Lucio_Luiz	Q77116964
personwd	Mary_Anne_White	Q59675871
personwd	Philip_Crowther	Q104903561
personwd	Paolo_Vasile	Q6060046
personwd	Alan_W._Archer	Q21339469
personwd	Pablo_Besson	Q100495444
personwd	James_Morrill_(castaway)	Q21539607
personwd	Bertha_Moraes_Nérici	Q66149808
personwd	Johnny_Tan	Q105069628
personwd	Martin_Plaut	Q64606258
personwd	John_Poage_Williamson	Q97394164
personwd	Frank_Lymer_Gratton	Q105161970
personwd	Roman_Dobrokhotov	Q4163805
personwd	Israel_Getzler	Q1674596
personwd	Mulugeta_Gebrehiwot	Q105108969
personwd	Nikita_Isaev	Q105118531
personwd	Sulieti_Fieme'a_Burrows	Q102056976
personwd	Marcelle_Lively_Hamer	Q72848476
personwd	George_Katsimbalis	Q12875339
personwd	Fritz_Loewe	Q1467366
personwd	Michelle_Singletary	Q4978752
personwd	Elsa_Chyrum	Q105349251
personwd	Lucien_Graux	Q42887282
personwd	Stephanie_Brock	Q55742349
personwd	Ottavio_Gaetani	Q3887218
personwd	James_Morris_(Pennsylvania_politician)	Q105637768
personwd	Kjetil_Tronvoll	Q27110413
personwd	Zoya_Svetova	Q2365734
personwd	Julius_Timoleon_Ducatel	Q94643038
personwd	Kenneth_L._Woodward	Q54800112
personwd	Richard_Meserve	Q61951207
personwd	Ciliandra_Fangiono	Q19725677
personwd	Brandy_Nālani_McDougall	Q105773185
personwd	Adam_Brookes	Q32860494
personwd	Sami_Khayat	Q97397735
personwd	Tatyana_Lysova	Q4270711
personwd	Elisha_De_Butts	Q105612156
personwd	Ivan_Kolpakov	Q60830975
personwd	Patti_Mayor	Q21462401
personwd	Jaquette_Liljencrantz	Q62080580
personwd	Vanessa_Tsehaye	Q54360916
personwd	Janie_Mason	Q73443067
personwd	Brigid_Heywood	Q98565488
personwd	Lois_Sather_McGill	Q105966607
personwd	Rein_Veidemann	Q11890459
personwd	Katherine_Demuth	Q51915165
personwd	Vlodko_Kaufman	Q4217649
personwd	Marie-Ann_Yemsi	Q28949629
personwd	Tsedale_Lemma	Q105898114
personwd	Sarah_Léon	Q106221447
personwd	Luisa_Strina	Q105938874
personwd	Wilbur_Winfield_Woodward	Q28231084
personwd	Josep_Anton_Codina_Olivé	Q16188955
personwd	Jean_Adeline_Morgan_Wanatee	Q95755435
personwd	Lucille_Thornburgh	Q105980777
personwd	Warrulan	Q105945917
personwd	Ciro_Spontoni	Q22991717
personwd	Ashish_Bhatia	Q106372022
personwd	Margaret_S._Roberts	Q106087884
personwd	Hannah_Farnham_Sawyer_Lee	Q37506083
personwd	Rashid_Gatrad	Q106112358
personwd	Audrey_Lees_(architect)	Q106916294
personwd	Agnes_Kalaniho'okaha_Cope	Q106165614
personwd	Johanna_Bugge_Berge	Q11978833
personwd	Fern_P._Rathe	Q34770210
personwd	Joan_W._Nowicke	Q10306979
personwd	Nucharin_Songsasen	Q35208793
personwd	Ini_Archibong	Q107618924
personwd	Eduardo_Sáenz_Hermúa	Q5819752
personwd	Jacob_Gensler	Q1679052
personwd	Abla_Mehio_Sibai	Q37830744
personwd	Elia_Lombardini	Q24942569
personwd	Pushkala_Gopal	Q106256598
personwd	Ala_Kheir	Q106592733
personwd	Angie_Jones	Q63459875
personwd	Alessandro_Rossi_(textile_industrialist)	Q3610271
personwd	Francis_Burgess	Q21537638
personwd	Horst_Dietrich_Preuss	Q1319908
personwd	Thomas_Stapleton_(paediatrician)	Q76283894
personwd	Kathryn_H._Starbuck	Q66699798
personwd	Marwa_Elselehdar	Q106367658
personwd	Johan_von_Sydow	Q106365265
personwd	Mário_Ottoboni	Q106367370
personwd	Max_Reisel	Q93248041
personwd	María_Onetto	Q5655823
personwd	Vickie_Iʻi_Rodrigues	Q106457862
personwd	Anne_Killigrew_(lady-in-waiting)	Q75783972
personwd	Rachel_Roxburgh	Q21537196
personwd	Carlos_J._Gradin	Q106670795
personwd	Cecilia_af_Forselles	Q11855120
personwd	Michael_Tooby	Q106805047
personwd	Roka_Paora	Q103976495
personwd	Alípio_Freire	Q106600819
personwd	Katie_John	Q106603431
personwd	G._Howell-Baker	Q21461554
personwd	Sir_William_Beauchamp-Proctor,_1st_Baronet	Q26790271
personwd	Amasa_Eaton	Q94541239
personwd	Yuri_Izyumov	Q24350746
personwd	Blanche_Pritchard_McCrum	Q56651508
personwd	Genevieve_Forbes_Herrick	Q106622315
personwd	Esther_Van_Wagoner_Tufty	Q106401259
personwd	Sally_Cottrell_Cole	Q105303583
personwd	Ella_Tyree	Q96337256
personwd	Mary_Cary_Ambler	Q103887995
personwd	Margaret_Gladys_Smith	Q55721408
personwd	Maria_Hester_Monroe_Gouverneur	Q21009917
personwd	Mary_Ella_Mossell	Q43380961
personwd	Ann_Flagg	Q105081520
personwd	Helen_Agcaoili_Summers_Brown	Q106734333
personwd	Mary_Wilson_Thompson	Q94408457
personwd	Elizabeth_Mongan	Q19997505
personwd	Eugene_Fitch_Ware	Q93605615
personwd	Caroline_Atwater_Mason	Q94258276
personwd	Margaret_Hill_Morris	Q106504737
personwd	Imrich_Matyáš	Q93132254
personwd	William_Chattaway	Q68555984
personwd	Thomas_Fyler	Q24568611
personwd	Leon_Angel	Q10982012
personwd	Helen_Watterson_Moody	Q65054852
personwd	John_Graweere	Q106833234
personwd	Phila_Calder_Nye	Q106775887
personwd	Frances_Farmer_(librarian)	Q57468891
personwd	Hiroko_Tabuchi	Q98225871
personwd	Sarah_Jane_Foster	Q94625012
personwd	Edith_Elmer_Wood	Q52148539
personwd	Edit_Kindvall	Q101422037
personwd	Alison_Dougall	Q59694625
personwd	Alice_Arnold_(mayor)	Q106844398
personwd	Marjorie_McKenzie_Lawson	Q105929359
personwd	Daniel_Hale	Q107039875
personwd	Laura_Rogers_White	Q66699908
personwd	Leila_Mechlin	Q34999160
personwd	Poldi_Hirsch	Q106874653
personwd	Roz_Rosen	Q106879257
personwd	Sally_Nelson_Robins	Q66699653
personwd	Prabjot_(PJ)_Randhawa	Q107015062
personwd	Emma_Farden_Sharpe	Q106301161
personwd	Sarah_Gibson_Jones	Q105959172
personwd	Jeannine_Smith_Clark	Q106907847
personwd	Kate_Peters_Sturgill	Q106910169
personwd	Lisa_Bayliss-Pratt	Q67145836
personwd	James_Buchanan_(1785–1857)	Q107024427
personwd	Louise_Malloy	Q99542450
personwd	May_Garrettson_Evans	Q106930279
personwd	Waltraut_Schälike	Q2547664
personwd	Katharine_Pearson_Woods	Q55720935
personwd	Margaret_Sutton_Briscoe	Q106930270
personwd	Michele_Leber	Q105096369
personwd	Brasseya_Allen	Q106978322
personwd	Thelma_Hunt	Q86875150
personwd	Elizabeth_Nottingham	Q19802850
personwd	Edith_Fischerström	Q16594812
personwd	José_Pablo_López	Q29561072
personwd	Manuela_Villarán_de_Plasencia	Q5994917
personwd	James_Hutchinson_(physician)	Q64577791
personwd	Esmeralda_Boyle	Q107012941
personwd	George_Thomas_Kurian	Q59626600
personwd	Esther_Mae_Scott	Q94629078
personwd	Francese_Litchfield_Turnbull	Q106930289
personwd	Elizabeth_Peet	Q73253688
personwd	Bertrand_Clark	Q107059489
personwd	Yves_Rees	Q104015160
personwd	Lauren_Gawne	Q56880517
personwd	Ellen_S._Kappel	Q58415543
personwd	Gwyn_Arch	Q107155662
personwd	Elizaveta_Alexandrova-Zorina	Q29358554
personwd	Paul_Laidlaw	Q107212152
personwd	Gasparo_Luigi_Oderico	Q22254211
personwd	Pietro_Tamburini	Q3388195
personwd	Anneke_Borren	Q73303498
personwd	David_C._Hopkins	Q104517961
personwd	Guillermo_González_Regalado	Q12175670
personwd	Harold_Littledale_(professor)	Q18911228
personwd	Andrey_Koryakovcev	Q107363774
personwd	Antonio_Maria_Biscioni	Q3619827
personwd	James_Bringhurst	Q98380137
personwd	Erinna_Lee	Q47713751
personwd	Lorenzo_Barotti	Q16268158
personwd	F._Christian_Thompson	Q22111516
personwd	Maria_Elena_Lorenzo	Q107542025
personwd	Pandu_Sjahrir	Q97217964
personwd	Mireille_Hadas-Lebel	Q2892039
personwd	Dominique_Gonnet	Q93233494
personwd	Natalia_Zvereva_(economist)	Q19909070
personwd	Marvin_Harada	Q107443596
personwd	Andrew_Shortland	Q104417792
personwd	Zhiar_Ali	Q107037238
personwd	Kristiina_Ross	Q12367577
personwd	Kingsley_Widmer	Q107487172
personwd	Sasha_Wass	Q107369772
personwd	Henry_Hill_(colonial_merchant)	Q107694371
personwd	Thomas_Allen_(chaplain)	Q94913838
personwd	George_Oliver_Shields	Q55720051
personwd	Madeleine_Sharp	Q107605048
personwd	Albert_Greenup	Q56085234
personwd	Carl_Engelman	Q107502057
personwd	Elizabeth_Gault_Fisher	Q106606942
personwd	Mariya_Russell	Q75242433
personwd	Sophie_T._Ambler	Q105958261
personwd	Jonell_Nash	Q107669679
personwd	Boris_Yulin	Q107746518
personwd	Evelyn_Carmen_Ramos	Q97736213
personwd	Ellen_Peters_(professor)	Q90001796
personwd	Dawa_Khan_Menapal	Q108366977
personwd	Irina_Bogatyryova	Q60830364
personwd	Tadeusz_Giczan	Q108028755
personwd	Peter_J._Rentfrow	Q108663938
personwd	Dalee_Sambo_Dorough	Q107480171
personwd	Julia_Bertrand	Q18215015
personwd	Marcel_Voisin	Q15556384
personwd	Janet_Carnochan	Q94520504
personwd	Alice_Wexler	Q107607736
personwd	William_Barrymore_(stage_actor)	Q94518376
personwd	Manuela_Antonia_Márquez_García-Saavedra	Q105754860
personwd	Pobisk_Kuznetsov	Q4245051
personwd	Frederick_William_Tod	Q107645544
personwd	Cecil_Arthur_Butler	Q21536137
personwd	Eduard_Voss	Q18818852
personwd	Sarah_Towles_Reed	Q108436200
personwd	Katherine_F._Lenroot	Q64020341
personwd	Jaeah_Lee	Q98225815
personwd	Roman_Anin	Q16272421
personwd	Ivan_Bakaidov	Q62066435
personwd	Tajuden_Soroush	Q108518351
personwd	George_Bollen	Q108568039
personwd	Thomas_Cotman	Q108545487
personwd	Stinson_Jarvis	Q108586114
personwd	Debby_Bogaert	Q56808916
personwd	Heba_Aly_(journalist)	Q106691402
personwd	Patsy_Widakuswara	Q106518526
personwd	Cynthia_Clark_Wedel	Q55759422
personwd	Olesya_Shmagun	Q108268140
personwd	William_Ball_Spencer	Q21155034
personwd	Momi_Cazimero	Q109297339
personwd	Maud_Ingersoll_Probasco	Q66699619
personwd	George_Murdoch_(Lord_Provost)	Q18917643
personwd	John_Pickering_(linguist)	Q15407334
personwd	Francis_Hamel	Q21459847
personwd	Pierre_Légaré	Q3386034
personwd	Rodica_Ramer	Q61313283
personwd	Suzanne_Goddard	Q105257895
personwd	Marguerite_Dunlap	Q39162439
personwd	Bess_Furman	Q55720576
personwd	Grace_Constant_Lounsbery	Q42529229
personwd	Guy_Brasseur	Q14851302
personwd	Geert_Jan_van_Oldenborgh	Q58065756
personwd	Rebecca_Earle	Q97672290
personwd	Elizabeth_Flynn_Rodgers	Q62118373
personwd	Jan_de_Fouw	Q96949051
personwd	Harris_Harding_Bligh	Q108738531
personwd	C._Annette_Buckel	Q55720026
personwd	Billy_Beal	Q94617267
personwd	Aleksandr_Shubin_(historian)	Q4527157
personwd	Mona_Chollet	Q3320033
personwd	John_Sprott_Archibald	Q108574989
personwd	Marybeth_Yuen_Maul	Q108807970
personwd	Samuel_Aaron	Q94517810
personwd	Eugène_Hilarian_Abadie	Q109267011
personwd	William_Henry_Hyndman_Jones	Q109265183
personwd	Richard_Abbey	Q109267387
personwd	Joseph_Hale_Abbot	Q56543543
personwd	Robert_Osborne_Abbott	Q109277711
personwd	Sharon_Caples_McDougle	Q108905173
personwd	Jayme_Cortez	Q10304928
personwd	Messias_de_Mello	Q10328989
personwd	Alverna_Babbs_Williams	Q108815303
personwd	Theresa_Claiborne	Q109103861
personwd	Jean_Ross_Howard_Phelan	Q108892256
personwd	Mary_Carolyn_Davies	Q22666013
personwd	Augusta_Maywood	Q17232104
personwd	Eugenio_Colonnese	Q10278176
personwd	Josephine_Santiago-Bond	Q107521310
personwd	William_Adams_(educator)	Q109414611
personwd	Nico_Rosso	Q10336736
personwd	Samuel_Akerly	Q94116844
personwd	Antón_de_Alaminos	Q610569
personwd	Vidal_Alcocer	Q47456251
personwd	Akiko_Fujimoto	Q109418386
personwd	Julio_Shimamoto	Q10313479
personwd	Flavio_Colin	Q10282743
personwd	Sérgio_Lima	Q48879487
personwd	Cláudio_Seto	Q16939856
personwd	Luiz_Sá	Q10320865
personwd	Ramón_Aldana_del_Puerto	Q21553505
personwd	Álvaro_de_Moya	Q10395895
personwd	Ebenezer_Alden	Q19886687
personwd	Bradford_Ripley_Alden	Q58333178
personwd	Quinn_Eades	Q101097023
personwd	Gulnara-Klara_Samat	Q109446127
personwd	Aleksandr_Kolpakidi	Q4228638
personwd	Samuel_Davies_Alexander	Q42156315
personwd	John_Allan_(antiquarian)	Q94417843
personwd	Benjamin_Allen_(clergyman)	Q52903743
personwd	Isaac_Allen	Q109462086
personwd	Joseph_Allen_(clergyman)	Q94654030
personwd	Waldyr_Igayara_de_Souza	Q10392982
personwd	Nathan_Allen	Q15944967
personwd	Fernando_Ikoma	Q10281380
personwd	Maria_Aparecida_Godoy	Q10325715
personwd	Oscar_Dana_Allen	Q15944972
personwd	Solomon_Allen	Q109478789
personwd	Alison_Phipps_(sociologist)	Q59571709
personwd	Ruth_Crosby_Noble	Q94253932
personwd	Oscar_Kern	Q10342170
personwd	Timothy_Field_Allen	Q6147077
personwd	William_Alston_(South_Carolina)	Q55743865
personwd	Wenceslao_Alpuche	Q6166761
personwd	Deodato_Borges	Q17683558
personwd	Péricles_(cartoonist)	Q10355697
personwd	Moacy_Cirne	Q9033832
personwd	Bernardino_Álvarez	Q11909118
personwd	La_Voix_(drag_queen)	Q130239158
personwd	Renato_Silva_(artist)	Q21020275
personwd	Corydon_Alexis_Alvord	Q109532422
personwd	Edson_Rontani	Q10270559
personwd	Ivan_Wasth_Rodrigues	Q26213597
personwd	Nathan_Peabody_Ames	Q55980047
personwd	Domingo_Aracena	Q97065777
personwd	Alejandro_Arango_y_Escandón	Q3609431
personwd	Thomas_Armitage_(clergyman)	Q99234861
personwd	Lương_Thế_Huy	Q109566227
personwd	Jean_L'Herminier	Q3172913
personwd	Albert_Nicholas_Arnold	Q109580894
personwd	Aylton_Thomaz	Q109426402
personwd	Lyrio_Aragão	Q18277092
personwd	Carlos_Arthur_Thiré	Q24035070
personwd	Charles_Albert_Ashburner	Q55720294
personwd	William_Aspinwall_(physician)	Q22914826
personwd	Virginia_Woodward_Cloud	Q106930272
personwd	Vladimir_Vovk	Q57445907
personwd	Patrick_Wayman	Q102438736
personwd	Vasile_Adamescu	Q25463561
personwd	Helen_Brinchmann	Q4940653
personwd	Jeanne_L'Herminier	Q3176085
personwd	José_Joaquim_da_Cunha_de_Azeredo_Coutinho	Q4290353
personwd	Henry_Babcock	Q102622121
personwd	James_F._Babcock	Q94290744
personwd	Franklin_Bache	Q19857444
personwd	Milton_Badger	Q108893908
personwd	George_Frederic_Bahnson	Q109677410
personwd	Ebenezer_Bailey	Q55720953
personwd	James_Hanlon_(medical_doctor)	Q109666202
personwd	Gilbert_Stephen_Bailey	Q109714115
personwd	Silas_Bailey	Q94662875
personwd	George_Augustus_Baker	Q20007054
personwd	Henry_Brooks_Baker	Q55720070
personwd	Ashbel_Baldwin	Q94115279
personwd	Elizabeth_Essex-Cohen	Q109769637
personwd	George_Colfax_Baldwin	Q94622046
personwd	Theron_Baldwin	Q109760576
personwd	Harlan_Hoge_Ballard	Q47495021
personwd	Pierre_de_Broc	Q3387470
personwd	Francisco_Javier_Balmaseda	Q55837370
personwd	John_Jay_Barber	Q109809234
personwd	John_Bard_(physician)	Q29586775
personwd	Pamela_Snow	Q64538946
personwd	William_Stebbins_Barnard	Q16003963
personwd	Charles_M._Barras	Q109844990
personwd	James_Novelli	Q109850437
personwd	Frances_Squire_Potter	Q66699613
personwd	Benjamin_Fiske_Barrett	Q21004113
personwd	Kacper_Wierzchoś	Q95399296
personwd	Daniel_Webster_Davis	Q109888313
personwd	Pedro_Antonio_Barroeta_y_Ángel	Q5391390
personwd	Willard_Barrows	Q94627564
personwd	William_Barry_(Congregationalist)	Q94369262
personwd	William_Baxter_(clergyman)	Q109913133
personwd	Abraham_Beach	Q94541885
personwd	Toshio_Saeki_(artist)	Q20040208
personwd	Elena_Zelayeta	Q109648660
personwd	Jennette_Lee	Q39167718
personwd	Manoel_Victor_Filho	Q10324556
personwd	Floride_Green	Q110026812
personwd	Rowland_Hill_Berkeley	Q110061741
personwd	Pedro_Bedón	Q6068289
personwd	Rahim_Fortune	Q110137405
personwd	Bert_Tyler-Moore	Q87990062
personwd	Charles_Frederick_Des_Voeux	Q64875990
personwd	Joseph_Simeon_Flipper	Q110219887
personwd	Amrapali_Gan	Q110228701
personwd	Christine_Elizabeth_Abrahamsen	Q55582567
personwd	Anindya_Bhattacharyya	Q110075814
personwd	Lisa_Pollak	Q87447463
personwd	George_Marion_McClellan	Q106881512
personwd	Kristina_Poniatowská	Q12031488
personwd	Sarah_Pratt_Carr	Q110123573
personwd	Charles_Parish	Q5764983
personwd	Agnes_Woods_Mitchell	Q110272943
personwd	Lucius_Henry_Holsey	Q55721099
personwd	Irvin_Ehrenpreis	Q52148723
personwd	Victoria_Lincoln	Q55720721
personwd	Marius_Chaumelin	Q15970122
personwd	Karen_Ferguson	Q110367994
personwd	Hannah_Ropes	Q64869599
personwd	Donn_Piatt	Q109853669
personwd	Maria_M._C._Hall	Q110424386
personwd	Baruch_Lifshitz	Q110056387
personwd	Margaret_E._Breckinridge	Q107062439
personwd	Alter_Tsypkin	Q4506407
personwd	Alice_Withrow	Q110155583
personwd	Carol_F._Jopling	Q71431354
personwd	Carolyn_L._Rose	Q67413805
personwd	Meganne_Christian	Q57059308
personwd	Natale_Attanasio	Q16581308
personwd	Valery_Kovalyov	Q110389733
personwd	Bettie_Freshwater_Pool	Q105881134
personwd	Natalie_Sumner_Lincoln	Q16028173
personwd	Ricky_Tavares	Q10361322
personwd	Mary_Jane_Windle	Q27976631
personwd	Daniel_Florêncio	Q110607173
personwd	Mary_Farnham_Miller	Q67186411
personwd	Margaret_Sordahl	Q110242315
personwd	Tillie_Berger	Q109588177
personwd	Beatrice_Lesslie	Q23989454
personwd	Elisabeth_West_FitzHugh	Q110551595
personwd	Lili_Berger	Q93429730
personwd	Simone_Brangier_Boas	Q97603358
personwd	Isaac_Hirshow	Q110750178
personwd	Toots_Barger	Q110795857
personwd	Myra_Miller	Q107392201
personwd	Cleora_Butler	Q94509287
personwd	Gabrielle_E.W._Carter	Q107703943
personwd	Winnette_McIntosh_Ambrose	Q107543235
personwd	Sanda_Stolojan	Q61748039
personwd	Benjamin_Colman	Q52148141
personwd	Evelyn_Glick	Q110799678
personwd	Nancy_Sawin	Q105398755
personwd	Zizipho_Poswa	Q109391100
personwd	Oksana_Potapova	Q110821299
personwd	Ronald_L._Troxel	Q93226215
personwd	Nils_Holmgren	Q5811565
personwd	Phillis_Wheatley_Waters	Q110868988
personwd	Robyn_Dixon	Q109264847
personwd	Antoni_Nowak-Przygodzki	Q21524866
personwd	Robert_Irving_Barrow	Q110875752
personwd	David_Stasavage	Q110885116
personwd	Harriet_Wadsworth_Harper	Q110890491
personwd	Frank_Dempster_Sherman	Q20987141
personwd	Wolfgang_Karg	Q21502558
personwd	Maria_Lipman	Q104371682
personwd	Felix_Svetov	Q4410513
personwd	William_Castle_(tenor)	Q111940478
personwd	Peggy_Bacon_(radio_producer)	Q110995147
personwd	T._Harry_Williams	Q7668301
personwd	Elena_Kovalskaya	Q111012760
personwd	James_A._Merriman	Q111017928
personwd	Colette_Pierce_Burnette	Q111021395
personwd	Michele_Hanson	Q111022028
personwd	Loisette_M._Marsh	Q98164655
personwd	René_Neuville	Q3426682
personwd	Mario_El-Khoury	Q97119683
personwd	Oksana_Pokalchuk	Q111096629
personwd	Thomas_Taylor_(microscopist)	Q18912476
personwd	Dominikus_von_Brentano	Q1238063
personwd	Emilio_Morenatti	Q5831235
personwd	Rob_van_Soest	Q15638220
personwd	Brent_Renaud	Q87082636
personwd	Henry_Martin_Pope	Q21453428
personwd	Lisa_Cummins	Q107718241
personwd	Golam_Md_Hasibul_Alam	Q111361954
personwd	Robert_Nandor_Berki	Q19043518
personwd	Lubin_de_Beauvais	Q3264647
personwd	Marion_Créhange	Q84601651
personwd	Alexey_Kovalev_(journalist)	Q66746665
personwd	Jan_Sepp	Q3161750
personwd	Elizaveta_Dorfman	Q4167123
personwd	Maruja_Pereyra	Q50691714
personwd	Irina_Zherebkina	Q65206900
personwd	Miguel_Antonio_de_Ustáriz	Q6013899
personwd	Nancy_C._Maryboy	Q99784687
personwd	Satoshi_Fukushima	Q11593125
personwd	Hazel_Waters	Q111628347
personwd	Kirill_Martynov	Q29047819
personwd	Ivar_Tollefsen	Q6212647
personwd	Faiza_Lalam	Q111686230
personwd	Kristian_Lundberg	Q5965936
personwd	Gertrude_Clarke_Whittall	Q94635058
personwd	Joan_Eyles	Q106602538
personwd	Jane_Schutt	Q108800311
personwd	Mary_Hoover_Aiken	Q22712113
personwd	Bernice_Pauahi_Fernow	Q22704553
personwd	Caroline_Couper_Stiles_Lovell	Q18572504
personwd	Valerie_Harrisse_Walter	Q19802875
personwd	Florence_Hochschild_Austrian	Q112041969
personwd	Poe_Sisters	Q112190826
personwd	Frederick_Bond_(naturalist)	Q55018802
personwd	Alvena_Sečkar	Q94296522
personwd	Samantha_Jane_Atkeson_Morgan	Q112089103
personwd	Theodore_Spicer-Simson	Q2418689
personwd	Eliza_Howard_Sims_Burd	Q112117073
personwd	Margaret_Scully_Zimmele	Q52156044
personwd	Mary_Howey_Murray_Vawter	Q112090221
personwd	Emma_Louise_Ashford	Q47465646
personwd	Harriet_French_Turner	Q42141270
personwd	Madeline_Masters_Stone	Q112089963
personwd	Anna_Bogenholm_Sloane	Q112089815
personwd	John_Crabtree_(businessman)	Q107037923
personwd	Woldemar_von_Knieriem	Q16356299
personwd	William_Carey_Taylor	Q112152355
personwd	Sara_de_Ibáñez	Q6121779
personwd	Paul_Molyneaux	Q108388630
personwd	Sandra_Melhem	Q112187380
personwd	Grace_Harriet_Spofford	Q55720631
personwd	José_Miguel_Rodríguez_Espinosa	Q69350093
personwd	Susan_Hart_Dyer	Q85545290
personwd	Charlotte_le_Pelletier	Q110793188
personwd	Andrew_G._Shead	Q112264318
personwd	Amy_Schauer	Q21535556
personwd	Jono_Grant_(DJ)	Q6275857
personwd	Lillian_Florsheim	Q106307554
personwd	Joyce_Barthelson	Q112323888
personwd	Igor_Lopatonok	Q21104467
personwd	Lino_Arruda	Q112510873
personwd	Aunt_Jennie_Wilson	Q105376543
personwd	Jen_Jack_Gieseking	Q112871887
personwd	Andres_De_Los_Reyes	Q89300301
personwd	Sergei_Kostinsky	Q4235431
personwd	Thomas_H._Connell_III	Q112775626
personwd	Amy_Padnani	Q59340673
personwd	Abby_Howland_Woolsey	Q55720459
personwd	Margaret_Duchill	Q43394843
personwd	Eliza_Southgate_Bowne	Q52154496
personwd	Muriel_Skeet	Q92055891
personwd	Anko_van_der_Werff	Q67405010
personwd	Mark_A._Lamport	Q98959522
personwd	Loni_Ding	Q111311605
personwd	Marie-Madeleine_Bonafon	Q106648902
personwd	Frances_Aymar_Mathews	Q110272692
personwd	Anne_Warner_(novelist)	Q19838043
personwd	Mutlu_Konuk_Blasing	Q112364543
personwd	Anna_S._Rickey	Q63457734
personwd	Abby_Sage_Richardson	Q50413770
personwd	Margaret_Mitchell_(chief_executive)	Q113179428
personwd	Agnes_Blake_Poor	Q60332351
personwd	Bella_Zilfa_Spencer	Q110548796
personwd	Anne_Sheldon_Coombs	Q110349013
personwd	Käşşaf_Tärcemani	Q61889896
personwd	Alice_King_(novelist)	Q63618453
personwd	Astrid_Blume	Q62079622
personwd	Mary_H._C._Booth	Q19596658
personwd	Erin_Overbey	Q113295036
personwd	Lucie_Attinger	Q56856380
personwd	Amelia_Opdyke_Jones	Q64590462
personwd	Cora_Fabbri	Q94663735
personwd	Charlotte_Y._Salisbury	Q110284454
personwd	Ella_Rodman_Church	Q110266336
personwd	Marianne_Dwight_Orvis	Q109857751
personwd	Étienne_Davodeau	Q3592128
personwd	Xädiçä_Yamaşeva	Q58443607
personwd	Asila_Wardak	Q113338842
personwd	Säläxitdin_Aðnağulof	Q17333515
personwd	Caroline_Placide_Waring_Blake	Q111660830
personwd	Fatbardhe_Hetemaj	Q11859411
personwd	Maud_Barker_Cobb	Q63346897
personwd	Äxmät_Bikçäntäyef	Q57551318
personwd	Doris_Slater	Q61838392
personwd	Fatix_Säyfi-Qazanlı	Q20594060
personwd	Brooke_Lambert	Q18819377
personwd	Caterina_Aschieri	Q28776607
personwd	Hana_Marvanová	Q12018971
personwd	Theresa_Sherrer_Davidson	Q112087457
personwd	Gofredo_Teles_Júnior	Q10290341
personwd	Daphne_Padden	Q113514936
personwd	Jane_Dunbar_Chaplin	Q110266225
personwd	Natalia_Roslavleva	Q106496095
personwd	Esther_Carlson	Q113530912
personwd	Klim_Zhukov	Q26919938
personwd	Alexander_L._Jackson	Q113563779
personwd	Thorfin_R._Hogness	Q55720062
personwd	Bari_Rolfe	Q113535730
personwd	Rudolf_Meyer_Riefstahl	Q15452120
personwd	Cordelia_Howard	Q88384081
personwd	Dorothy_Massingham	Q106814500
personwd	Flora_Hamilton_Cassel	Q109935505
personwd	Diana_Isakova	Q113560045
personwd	Elizabeth_Phipps_Train	Q110504568
personwd	Elizabeth_Foster_Wesselhoeft	Q106232604
personwd	Ellen_Jane_Lorenz	Q105840060
personwd	Tien_Fuh_Wu	Q113688261
personwd	Jonna_Støme	Q17110146
personwd	Grace_Fallow_Norton	Q18910961
personwd	Elizabeth_Elkins_Sanders	Q88769365
personwd	Hannah_Thurber_Fairfield	Q97838908
personwd	John_Hoke_III	Q116001218
personwd	Emily_Drayton_Taylor	Q22575827
personwd	Georgia_Timken_Fry	Q20856660
personwd	Denis_Santachiara	Q1187625
personwd	Emmeline_Deane	Q20083659
personwd	Yuki_Onishi	Q114243248
personwd	Mary_Greenway_McClelland	Q104875341
personwd	Haunani_Kahalewai	Q69696793
personwd	Harriet_Alfarata_Thompson	Q65952317
personwd	Beatrice_Heron-Maxwell	Q58236676
personwd	Epifania_de_Guadalupe_Vallejo	Q100270785
personwd	Georgina_A._Davis	Q114393178
personwd	Blanche_Henrietta_Johnes_Shelley	Q75372644
personwd	Mordecai_Myers_(New_York_politician)	Q94137494
personwd	Beverly_Noa	Q114424832
personwd	Gwen_Davenport	Q106648905
personwd	Barbara_Mitcalfe	Q114179343
personwd	Beverley_Clarkson	Q22668561
personwd	Grace_Le_Baron	Q110505015
personwd	S._J._Higginson	Q66501629
personwd	Fabien_Toulmé	Q41236032
personwd	Jane_Osborn_Hannah	Q66712284
personwd	Nellie_H._Bradley	Q114728720
personwd	Lula_Owl_Gloyne	Q97064630
personwd	Gwendoline_Brogden	Q107426155
personwd	Mary_Cawse	Q99029811
personwd	Jay_Sae_Jung_Oh	Q110727395
personwd	Henrietta_Hardy_Hammond	Q110415405
personwd	Helen_Tanner_Brodt	Q96278021
personwd	Paula_Akana	Q114891061
personwd	Gagan_Gupta	Q104772424
personwd	Tatsiana_Zaretskaya	Q113482396
personwd	Alina_Koushyk	Q16914931
personwd	Dmitry_Petrushevsky	Q4361722
personwd	Charlene_Hoe	Q114964928
personwd	Jane_Alice_Sargant	Q105734678
personwd	Juliana_Szczepanowska	Q114996937
personwd	Leonid_Leibenson	Q7939149
personwd	Josepha_Heath_Gulston	Q64685726
personwd	Calvin_Hoe	Q112080054
personwd	Ida_Lublenski_Ehrlich	Q106814020
personwd	Catie_Cuan	Q111377979
personwd	Julia_Kwon	Q110243003
personwd	Priscilla_Jane_Thompson	Q55719983
personwd	Julia_Cecilia_Stretton	Q58321317
personwd	William_Mark_Young	Q115221930
personwd	Mary_Cagnin	Q48879085
personwd	Anita_Paillamil	Q113407427
personwd	Monica_Jahan_Bose	Q115327627
personwd	Vasily_Kuzishchin	Q4244838
personwd	Imogen_Clark_(writer)	Q110369402
personwd	Jan_Olav_Gatland	Q16898806
personwd	Jane_Euphemia_Saxby	Q66777996
personwd	Wanxin_Zhang	Q111986926
personwd	Lin_Fei_Fei	Q115449339
personwd	Ersin_Karabulut	Q6068493
personwd	Evelyn_Edson	Q115474107
personwd	Joan_Cooke	Q18530075
personwd	Robin_Lung	Q6515488
personwd	Nicholas_Ma	Q115514745
personwd	Aleksandr_Neusykhin	Q4318012
personwd	Lily_Conrad,_Marchesa_Theodoli	Q63618296
personwd	Kitty_Cordeux	Q64685614
personwd	Mounira_Al_Solh	Q23998069
personwd	Lilian_Elliott	Q18528619
personwd	Mikhaïl_Suzumov	Q1930274
personwd	E._Samantha_Cheng	Q98390669
personwd	Maria_La_Touche	Q64685778
personwd	Evgeniya_Gutnova	Q17371739
personwd	Emma_Barrett-Lennard	Q75338549
personwd	Konstantin_Zel'in	Q15067003
personwd	Sergey_Nefedov	Q4318173
personwd	Volodymyr_Denysenko	Q12100081
personwd	Aleksandr_Trusov	Q115664937
personwd	John_William_Wevers	Q59627795
personwd	Jane_Louisa_Willyams	Q27918475
personwd	Keith_McCarter	Q98765596
personwd	Hubertus_Varlet	Q115625081
personwd	Valerie_Pourier	Q111986847
personwd	Kevin_Pourier	Q111986846
personwd	David_B._Capes	Q55086908
personwd	Rosa_Mackenzie_Kettle	Q64685772
personwd	Pavel_Uvarov_(historian)	Q4468781
personwd	Daphne_Lee	Q21502690
personwd	Emily_Katharine_Bates	Q64685510
personwd	Augusta_Larned	Q16516885
personwd	Pierre-Maurice_Bogaert	Q85447802
personwd	Eleanor_Lazarovich-Hrebelianovich	Q109593001
personwd	Charles_Carpmael	Q56260881
personwd	Wilhelm_Lehmann	Q92066
personwd	Betty_Scarpino	Q99741453
personwd	Millie_Mayfield	Q110415901
personwd	Marianna_Bianchi	Q111502769
personwd	Eliza_Bland_Smith_Erskine_Norton	Q60526270
personwd	Vasily_Ilyushechkin	Q21099131
personwd	Volha_Harbunova	Q116044683
personwd	Mary_Woolley_Gibbings_Cotton,_Viscountess_Combermere	Q64685617
personwd	Mary_Crumpe	Q90141170
personwd	Marva_Griffin	Q117034919
personwd	Stefano_Giovannoni	Q1764852
personwd	Thomas_H._Kapsalis	Q112829244
personwd	Eunice_Makepeace_Towle	Q97583205
personwd	Catherine_Scott_(librarian)	Q110551596
personwd	Edmon_L._Gallagher	Q113800950
personwd	Olive_A._Greeley	Q110227644
personwd	Josephine_W._Cooper	Q108673161
personwd	Julie_Morrow_Deforest	Q50285388
personwd	Ellen_Maria_Carpenter	Q63994193
personwd	Hsu_Tsang-Houei	Q7210810
personwd	Andrew_Parsons_(photographer)	Q116163379
personwd	Emily_Kelley_Moran	Q107166950
personwd	Mac_Collins_(designer)	Q113958533
personwd	Mayne_Lindsay	Q64685796
personwd	Mary_Anne_Holford	Q64685747
personwd	Marjorie_Gwynne	Q98189652
personwd	Barrie_Linklater	Q116201547
personwd	Margaret_Agnes_Paul	Q59629284
personwd	Theo_Stavropoulos	Q121319542
personwd	Martha_Elizabeth_Duncan_Walker_Cook	Q63226222
personwd	Miltiadis_Konstantinou	Q110087296
personwd	May_Hely-Hutchinson	Q75257466
personwd	Mary_Page_Bird	Q64685525
personwd	Emma_Murdock_Van_Deventer	Q50218665
personwd	Johnny_B._Truant	Q116251020
personwd	J._Carter_Swaim	Q113769895
personwd	Sally_Azar	Q116301168
personwd	Monica_Gallagher_(comics_artist)	Q116378522
personwd	Joseph_Cohen_(solicitor)	Q116459846
personwd	Véronique_Chankowski	Q66384789
personwd	Nina_Gorst	Q64685713
personwd	Şäyxi_Mannur	Q13208403
personwd	Natalie_Depraz	Q23701432
personwd	Nathan_S._Jonas	Q110974157
personwd	Susanne_Suba	Q59533665
personwd	Sanford_Greene	Q98108348
personwd	Tiffanie_Barriere	Q116236862
personwd	Elisabeth_Feller	Q1329895
personwd	Jocelyne_Pérard	Q115041937
personwd	Grace_Seixas_Nathan	Q104793171
personwd	Maria_Teresa_Cabré	Q9028884
personwd	Pino_Caballero_Gil	Q42280213
personwd	Marta_Pessarrodona	Q724063
personwd	Phoebe_A._Jenks	Q52218717
personwd	Louis_Velle	Q178037
personwd	Elizabeth_Cumings_Pierce	Q65509937
personwd	Federico_Sacco	Q3741895
personwd	Luis_de_Ulloa_y_Pereira	Q5984555
personwd	Roman_Konoplev	Q4231170
personwd	Alexis_Ravelo	Q5666410
personwd	Frances_Platt_Townsend_Lupton	Q116742419
personwd	Corine_Pelluchon	Q2997292
personwd	Priscilla_Tyson	Q116441019
personwd	Ernest_Charles_Large	Q56541701
personwd	Dyonélio_Machado	Q10269193
personwd	Scarlett_O'Phelan_Godoy	Q35138600
personwd	Ofelia_Rey_Castelao	Q12396276
personwd	Yoichi_Ochiai	Q16265041
personwd	Alex_Slater	Q56309229
personwd	William_Hakvaag	Q17094175
personwd	Anders_Johansson_(artist_manager)	Q116473912
personwd	Andrey_Zakharov_(journalist)	Q113680822
personwd	Arthur_W._Austin	Q116842347
personwd	Montserrat_Vilà	Q19288894
personwd	Brice_Gertoux	Q27575079
personwd	Louise_Suski	Q116845549
personwd	Guyo_Tajiri	Q67503055
personwd	Chizu_Iiyama	Q116870929
personwd	Mary_Mon_Toy	Q116695729
personwd	Christopher_Board	Q116889981
personwd	Vera_Roik	Q4396729
personwd	Sophia_May_Eckley	Q104825355
personwd	Marguerite_Philippe	Q3290722
personwd	Mary_Ann_Jackson_(illustrator)	Q75926183
personwd	Norma_Huidobro	Q6044937
personwd	Maria_Gràcia_Bassa_i_Rocas	Q11935444
personwd	Sonia_Paço-Rocchia	Q106185986
personwd	Emília_Coranty_Llurià	Q19999159
personwd	Johan_Egerkrans	Q5627739
personwd	Gaetanina_Calvi	Q99703224
personwd	Judith_Vanistendael	Q2510098
personwd	Martin_Paul-Hus	Q65116305
personwd	Ralph_Merrill_Caldwell	Q9066198
personwd	Marva_Griffin_Carter	Q98854700
personwd	Nathalie_Ferlut	Q3336582
personwd	Beatrice_Leanza	Q117199131
personwd	Maria_Cristina_Didero	Q117034764
personwd	Jesse_Roy_Christie	Q21508553
personwd	Yoshua_Okón	Q21003402
personwd	Carlos_Alberto_de_Nóbrega	Q1789947
personwd	Edith_Bondie	Q108677967
personwd	Elizabeth_F._Kinlaw	Q108756444
personwd	Ina_Sugihara	Q116755788
personwd	Minn_Matsuda	Q115331168
personwd	Ruby_Green_Smith	Q117089947
personwd	Ian_Hoskins	Q122451057
personwd	Lasse_Wellander	Q6235215
personwd	Maya_Wildevuur	Q1850246
personwd	Eduard_Bagirov	Q2029759
personwd	Emmanuel_Lepage	Q3052761
personwd	Francisco_de_Assis_Almeida_Brasil	Q10285310
personwd	Guerreiro_Ramos	Q9594260
personwd	Rustem_Nureev	Q18274931
personwd	Rebecka_Teper	Q4982338
personwd	Elizabeth_Frances_Corbett	Q110266424
personwd	Solomon_Enos	Q118121787
personwd	Preeti_Chhibber	Q63959305
personwd	Petruška_Šustrová	Q11816037
personwd	Christine_Lemmer-Webber	Q120410919
personwd	Helen_Worthing_Webster	Q118225292
personwd	Maya_Rogers	Q16875129
personwd	Leroy_Cooper_(photographer)	Q118346928
personwd	Inna_Bychenkova	Q17371654
personwd	Virna_Woods	Q108667263
personwd	Emma_Caroline_Wood	Q63762604
personwd	Frances_Wilbraham	Q64685976
personwd	Mona_Morales-Schildt	Q4968070
personwd	Mikael_Lybeck	Q4356895
personwd	Richard_Kilburne	Q18672108
personwd	P.E._Moskowitz	Q68668070
personwd	Dara_M._Wilson	Q118385226
personwd	Marian_Fleming_Harwood	Q21536502
personwd	Benjamin_Goodwin_Chitwood	Q21390628
personwd	Jean_Scharfenberg	Q107704824
personwd	Victoria_Alexandrina_Katherine_Bruce	Q18880320
personwd	Gabriela_Biló	Q115007058
personwd	Benjamin_Dennis_IV	Q73055368
personwd	Edgard_Nazare	Q109021489
personwd	Jessica_Halliday	Q106697164
personwd	Isobel_Forrester	Q18730534
personwd	Margaret_Forrester	Q119137822
personwd	Katherine_Davidson	Q18674059
personwd	Maxine_Yaple_Sweezy	Q108636018
personwd	Harold_Orr	Q119522826
personwd	Nellie_Boxall	Q18811104
personwd	Lady_Isabella_Finch	Q18810791
personwd	Mary_Moutray	Q18681521
personwd	Morton_Klass	Q59533316
personwd	Nellie_X._Hawkinson	Q85540967
personwd	Marian_Hastings	Q18819627
personwd	Marian_Hughes	Q18954439
personwd	Nannie_Zenobia_Carver_Huddle	Q66065729
personwd	Hilda_Cashmore	Q18917213
personwd	Jane_Ratcliffe	Q18576414
personwd	Mary_Lescher	Q19324876
personwd	Mary_Gurney	Q18756959
personwd	Hannah_Gifford	Q18759285
personwd	Sergio_Bleda	Q6125352
personwd	Mary_Dicas	Q18759357
personwd	Margery_Norris	Q18762036
personwd	Elizabeth_Burgwin	Q18783634
personwd	Essie_Conway	Q18783639
personwd	Carol_Connor	Q119845471
personwd	Domenico_Balestrieri_(writer)	Q3712897
personwd	Nika_Zupanc	Q65768272
personwd	Shoba_Sivasankar	Q117321256
personwd	Ikko_Yokoyama	Q109996817
personwd	Aroa_Moreno	Q67504217
personwd	Najla_El_Zein	Q117199254
personwd	Giorgia_Zanellato	Q119471310
personwd	David_Caon	Q117383739
personwd	Minnie_James	Q19324960
personwd	Norah_Braden	Q19325023
personwd	Katharine_Baker	Q119443317
personwd	Doualy_Xaykaothao	Q106518476
personwd	Susan_Casey	Q18203725
personwd	Marion_B._Wilkinson	Q66691296
personwd	Robert_Shaw_Wilkinson	Q120044617
personwd	Meresia_Nevill	Q18819696
personwd	Maria_Anderson_Roberto	Q120077249
personwd	Christine_Chaplin_Brush	Q94129605
personwd	Hena_Doba	Q120052346
personwd	Zitella_Cocke	Q120093256
personwd	Erich_Sokol	Q94269
personwd	Sarah_A._Reed	Q119443298
personwd	Lorraine_Fontana	Q120239077
personwd	Virginia_Buchanan	Q113560250
personwd	Angela_Roberts_(scientist)	Q56572642
personwd	Mako_Nakagawa	Q120362332
personwd	Matilda_Greathouse_Alexander	Q72060427
personwd	Rachel_Quick_Buttz	Q120431862
personwd	Mawine_G._Diggs	Q110517885
personwd	Richard_W._Murray	Q89953085
personwd	Mary_Hayllar	Q18674194
personwd	Tessa_Bridgeman	Q75334392
personwd	Dorothy_May_Meads	Q76485556
personwd	Fanny_Trevor	Q120499628
personwd	Susan_Braley_Franklin	Q107551120
personwd	Carola_Macaulay	Q18783582
personwd	Cesar_Calejon	Q120235556
personwd	Hester_Fleetwood	Q18783700
personwd	Kristina_Cho	Q120599776
personwd	Hetty_Athon_Morrison	Q120381837
personwd	Angelina_Maria_Collins	Q120381228
personwd	T._B._Dinesh	Q102183008
personwd	Anna_Petre	Q18875060
personwd	Florence_Gadesden	Q18936046
personwd	Maude_Annesley	Q76120132
personwd	Jane_Sophia_Appleton	Q55127804
personwd	Isabel_Hill	Q18671521
personwd	Ellen_Rapoport	Q120720341
personwd	Martha_Bensley_Bruère	Q57395996
personwd	Joyce_Daniel	Q18674049
personwd	Don_Keith	Q120985774
personwd	Jessie_Ennis_(motorcyclist)	Q120763617
personwd	Sasha_Korban	Q120786511
personwd	Kate_Aplington	Q120794236
personwd	Josephine_Barnaby	Q120802029
personwd	Beatrice_Garvie	Q115250299
personwd	Dorothea_Foulger	Q19039419
personwd	Jane_W._Bruner	Q120805307
personwd	Edith_Creak	Q18922174
personwd	Philippe_Hurel	Q3380040
personwd	Kaarina_Aho	Q4934601
personwd	Jessie_Bedford	Q19042993
personwd	Björn_Gidstam	Q5758563
personwd	Marianna_Burgess	Q120808500
personwd	Frances_Hughes	Q19040262
personwd	Marie_Hilton	Q19043353
personwd	Mary_Simmons	Q19043385
personwd	Mary_Dunnell	Q19324864
personwd	Dilys_Glynne_Jones	Q19325423
personwd	Cecilia_Tilley	Q64685931
personwd	Helene_Nonné-Schmidt	Q57984035
personwd	Harriet_Downing	Q64685659
personwd	Gordon_Andrews_(industrial_designer)	Q98322674
personwd	Freda_Gwilliam	Q19325697
personwd	Mohamed_Kordofani	Q117844059
personwd	Louisa_Dundas	Q76073750
personwd	Emily_Loveday	Q19325589
personwd	Maria_Craig	Q18733103
personwd	Mary_Higgs	Q18733158
personwd	Elizabeth_Dayton	Q64148725
personwd	Dorothy_Bradshaigh	Q18756652
personwd	Eleanor_Cunningham_Bannister	Q18508137
personwd	Millie_Chissick	Q121306737
personwd	Jane_Birch	Q18671655
personwd	Marie_Blokhus	Q17057513
personwd	Susanna_Howard	Q19325511
personwd	Ingunn_Beate_Øyen	Q39478387
personwd	Sarah_Judith_de_Castro	Q121359914
personwd	Luke_Bird	Q121991348
personwd	Kjersti_Sandal	Q28717693
personwd	Susan_Kozma-Orlay	Q121368428
personwd	Birgitte_Victoria_Svendsen	Q4981444
personwd	Naum_Tyufekchiev	Q12287824
personwd	Kate_DuBose	Q110494941
personwd	Cecily_Sidgwick	Q58237078
personwd	Dulcina_Mason_Jordan	Q120381611
personwd	Augusta_de_Grasse_Stevens	Q60196457
personwd	Harold_Mendez	Q28858346
personwd	Sam_Porto	Q113621884
personwd	Edith_Barnard_Delano	Q106943814
personwd	Trine_Wiggen	Q13582646
personwd	Adolf_Remane	Q87027
personwd	Mary_Ellen_Graydon_Sharpe	Q120382017
personwd	Rhoda_Elizabeth_Waterman_White	Q104828794
personwd	Anna-Maja_Nylén	Q4970585
personwd	Emilia_Ferreiro	Q5692486
personwd	Wendelin_Stambach	Q19826529
personwd	Elizabeth_Trefusis	Q60520176
personwd	Elizabeth_Taylor_(poet)	Q75678589
personwd	Katina_Strauch	Q93386595
personwd	Debra_Rowe	Q122417709
personwd	Jules_Koostachin	Q72881930
personwd	Ruth_Pearce_(sociologist)	Q56429105
personwd	Ashley_Jaye_Williams	Q122561285
personwd	Julia_Drake_Fosdick_Dean	Q63042585
personwd	Edith_Weir_Perry	Q122764660
personwd	Nia_Keturah_Calhoun	Q122790040
personwd	Stella_Gilman	Q120836450
personwd	Roen_Hufford	Q122826868
personwd	Frank_E._Shaw	Q96337889
personwd	AmirAli_Talasaz	Q116973050
personwd	Young_Shin	Q122940676
personwd	Ruth_Leonela_Buentello	Q121436706
personwd	Barbarina_Charlotte,_Lady_Grey	Q63323717
personwd	Carina_González	Q73389455
personwd	Greg_Jackson_(businessman)	Q123116352
personwd	Sarah_Marshall_Hayden	Q94642445
personwd	Kathleen_Curzon-Herrick	Q75303264
personwd	Gérard_Nissim_Amzallag	Q3124211
personwd	Grethe_Fatima_Syéd	Q54304955
personwd	Fanny_Quincy_Howe	Q80133628
personwd	Rachel_M._Brownstein	Q123200955
personwd	Susannah_Heath	Q123185240
personwd	Eliza_Gratia_Campbell_Miner	Q123195975
personwd	John_Young_(1823–1900)	Q123194484
personwd	Eliza_Griffin_Johnston	Q109855595
personwd	Claudia_Bitrán	Q117626274
personwd	Sir_Henry_Bedingfeld,_1st_Baronet	Q18528307
personwd	Marcel_Leborgne	Q3289117
personwd	Amos_Funkenstein	Q12410370
personwd	Yi-Chun_Tricia_Lin	Q123261966
personwd	Danyèl_Waro	Q3015811
personwd	Auguste_Lacaussade	Q438116
personwd	Georgios_Sotiriou	Q16332891
personwd	Henry_F._Fradella	Q91001886
personwd	Marcelo_Epstein	Q102262533
personwd	Jin_Liying	Q45542842
personwd	Alberto_Mussa	Q2831805
personwd	J._L._Ranken	Q66348195
personwd	John_Mack_(Serampore)	Q50551817
personwd	Jessie_Douglas_Kerruish	Q55618649
personwd	Julie_Kahle	Q22667528
personwd	Felix_Carey	Q18529004
personwd	Ming_Peiffer	Q104119893
personwd	Paula_Boggs_Muething	Q123474460
personwd	Yuan_Changying	Q10311444
personwd	François_de_Chabaud-Latour	Q44119
personwd	Chao_Tayiana_Maina	Q120318926
personwd	Martha_Ibbetson_Gray	Q119443254
personwd	Hamed_Haddadi_(computer_scientist)	Q103016594
personwd	Larry_J._Perkins	Q123510522
personwd	Jane_Anthony_Eames	Q109856792
personwd	Yehiel_Nissim_da_Pisa	Q122943211
personwd	Namhi_Kim_Wagner	Q123560881
personwd	Grace_Aiko_Nakamura	Q123578800
personwd	Moune_de_Rivel	Q16266895
personwd	Kwang-Ping_Hsu	Q123586914
personwd	Elizabeth_Legge	Q123669508
personwd	Dusan_S._Zrnic	Q22920785
personwd	Richard_Doviak	Q123585845
personwd	Shin'ichi_Sakuraki	Q123753329
personwd	Andreas_Wijk	Q115187009
personwd	Terence_S._Dermody	Q87776424
personwd	John_M._McDowell	Q38544792
personwd	Danielly_Kaufmann	Q123761447
personwd	Lizette_Emma_Orth	Q106090046
personwd	Spiros_Evangelatos	Q12884658
personwd	Connie_Wang	Q115120189
personwd	Gwyn_A._Beattie	Q113260234
personwd	Judith_Lewis_(painter)	Q18762020
personwd	Clara_S._Lane	Q21464909
personwd	Ilyon_Woo	Q123859857
personwd	Gretchen_Goldman	Q93179585
personwd	Bert_Carless	Q123862680
personwd	Saul_Pinchas_Rabbinowicz	Q2227493
personwd	Mary_Kollock	Q63607657
personwd	Rose_Lamb	Q104834190
personwd	April_Nowell	Q92435929
personwd	Emily_Pierpont_de_Lesdernier	Q122925726
personwd	B._J._Oropeza	Q93231859
personwd	Cai_Lanying	Q99924866
personwd	Samuel_B._Churchill	Q123989527
personwd	Martha_Meredith_Read	Q96153576
personwd	Rosa_M._Towne	Q97582724
personwd	Júlia_Rajk	Q67502316
personwd	Margery_Land_May	Q109647723
personwd	Frances_Murphy_Draper	Q98225827
personwd	Richard_Janion_Nevill	Q18526836
personwd	Simone_Campos	Q10371670
personwd	Said_Al_Zebda	Q124059730
personwd	Richard_Hawksworth_Barnes	Q124290752
personwd	Samuel_Vila	Q107330755
personwd	Anastasia_Fialkov	Q124365938
personwd	Tatiana_Chvileva	Q18745552
personwd	Sarah_Brandon_Moses	Q122949728
personwd	Marsha_Cooke	Q102582068
personwd	Simon_Billinge	Q87657459
personwd	Caroline_Okeden	Q64685848
personwd	Caroline_Phillipson	Q64685864
personwd	Patience_Stapleton	Q120836477
personwd	Frédéric_Valletoux	Q33112205
personwd	Cris_Judar	Q59104081
personwd	Ursula_Booth	Q124606019
personwd	Henriette_Amiard_Oberteuffer	Q25933927
personwd	Gilles_Dyan	Q3106214
personwd	Rashid_Mohamed_Mbaraka_Fatma	Q106092242
personwd	Oriana_Weatherbee_Day	Q23927999
personwd	José_Carvalho_da_Rocha	Q18276312
personwd	Livia_Gouverneur	Q4151472
personwd	Ellen_Sewall_Osgood	Q124655266
personwd	Olive_Templeton	Q96676943
personwd	Madeleine_Cavalier	Q93262186
personwd	Rose_Boyata_Monkaju	Q96210162
personwd	Maryse_Rutledge	Q63871215
personwd	Ruth_Chrisman_Gannett	Q52156880
personwd	Alexis_Georgacopoulos	Q119219305
personwd	Elisabeth_Senault	Q124809829
personwd	Axel_Downard-Wilke	Q63959502
personwd	Olga_Korotko	Q128693939
personwd	George_Thomas_Brown	Q18936063
personwd	Lizzie_Rode	Q62080888
personwd	Ana_Roje	Q13566227
personwd	Susan_Wood_(photographer)	Q125097220
personwd	Manuela_Rodríguez_Aybar	Q123477960
personwd	Pilar_Vélez_Vicente	Q9059654
personwd	Ida_Edelvira_Rodríguez	Q123477371
personwd	Shafiqa_Zawqari	Q113917331
personwd	George_Hornidge_Porter	Q18527517
personwd	Auguste_Marie	Q99212238
personwd	Sharmila_Seyyid	Q19812453
personwd	Philip_T._Metzger	Q80901370
personwd	Jaas_Newen	Q72881766
personwd	Solveig_Lund	Q27865141
personwd	Yehuda_Zvi_Yabzrov	Q7040315
personwd	Isztar_Zawadzki	Q24933675
personwd	Solange_Rosenmark	Q124841347
personwd	Anzeigenhauptmeister	Q124684249
personwd	Jan_Baetens	Q3161616
personwd	Chea_Samy	Q125356617
personwd	Labiba_Sawaya	Q66823838
personwd	Roseana_Murray	Q10364600
personwd	Sophie_Abdullah	Q16131992
personwd	Nick_Wallis	Q122899520
personwd	Sigríður_Zoëga	Q85970317
personwd	Mitsuko_Tottori	Q124321858
personwd	Susana_de_Noronha	Q124792300
personwd	Luisa_del_Valle_Silva	Q42529588
personwd	Mary_Adella_Wolcott	Q125489978
personwd	Daniel_Reeves_(artist)	Q22670670
personwd	Ellen_Oliver_(suffragette)	Q22137385
personwd	Stefanos_Sinos	Q113809331
personwd	Michelle_Tau	Q70876865
personwd	Mijgona_Samadova	Q124710002
personwd	Hermann_Lichtenberger_(theologian)	Q1611975
personwd	Tu_Tu_Tha	Q125372400
personwd	Alexandrine_von_Wistinghausen	Q34674472
personwd	Sofia_Ongele	Q125724755
personwd	Theodora_von_Hermansthal	Q114002505
personwd	Vera_Sogoyan	Q20507644
personwd	Pauline_von_Koudelka-Schmerling	Q1680348
personwd	Anna-Maria_van_Reysschoot	Q21646555
personwd	Ida_Verona	Q85994850
personwd	Rachel_Brem	Q90985720
personwd	Vera_Božičković-Popović	Q16088604
personwd	Anne_Toppan_Wilbur_Wood	Q56482171
personwd	Minnie_A._Weeks_Pittock	Q55816210
personwd	Elizabeth_Campbell_Winter	Q94519584
personwd	Sharon_Dolev	Q125772963
personwd	Lucy_Winthrop	Q76021497
personwd	Zoe_Dana_Underhill	Q15856479
personwd	Pere-Enric_de_Ferran_i_de_Rocabruna	Q16190541
personwd	Semantha_Fairbanks	Q123566603
personwd	Mary_Wicks_Bennett	Q111011906
personwd	Valide_Tutayuq	Q16375473
personwd	Mary_Catharine_North_Weston	Q19596655
personwd	Dorothy_Grafly	Q125922089
personwd	Philippe-Audrey_Larrue-Saint-Jacques	Q110017181
personwd	Victoria_Donohoe	Q125929815
personwd	Anna_von_László	Q125941245
personwd	Genoveva_Virginia_Cossoul	Q125951698
personwd	Anna_K._E.	Q125962803
personwd	Marija_Teresė_Rožanskaitė	Q108411097
personwd	Iva_Lulashi	Q125972446
personwd	Harold_P._Freeman	Q126005182
personwd	Nada_Prlja	Q125988310
personwd	Younis_Tirawi	Q124812442
personwd	Zulfa_al-Sa'di	Q126019664
personwd	Kennedy_Ryan	Q124636680
personwd	Cosmana_Navarra	Q126015437
personwd	Colette_Sirat	Q62392255
personwd	Milton_Fennimore_Davis	Q119819305
personwd	Mary_Young_Sewell	Q105734685
personwd	Alfred_Kuen	Q2835234
personwd	Guy_Rachet	Q3122090
personwd	Daniel_Faivre	Q21511681
personwd	Liisa_Karhilo	Q115620237
personwd	Mireille_Chamass-Kyrou	Q26013052
personwd	Atma_Kenswil	Q126091245
personwd	Lewis_Diuguid	Q126014244
personwd	Guadalupe_Olmedo	Q5886962
personwd	Jacques_Duquesne_(journalist)	Q18611192
personwd	Susan_Linn_De_Witt	Q27092483
personwd	Lily_Greenberg_Call	Q126232642
personwd	Laura_Winthrop_Johnson	Q110389084
personwd	Kathryn_Harries	Q52557028
personwd	Florine_Dezède	Q42529692
personwd	Lenore_Coral	Q99773890
personwd	Mary_Wallace_Davidson	Q99773891
personwd	Lawrence_Louis_Barrett	Q100320283
personwd	Paddy_Walker	Q125390692
personwd	Wilhelm_Bachner	Q94791071
personwd	Lulu_Rowena_Becker	Q126600365
personwd	Dorothea_Plowden	Q96083690
personwd	Julien_Azario	Q110838395
personwd	Dominique_de_La_Maisonneuve	Q71598056
personwd	Cornelie_Booth	Q4940044
personwd	Bernard_Barc	Q55627925
personwd	Florence_Malbran-Labat	Q113790864
personwd	Fernand_Farssac	Q110843272
personwd	Maurice_Morlon	Q110846594
personwd	Zoya_Tajikova	Q23656588
personwd	Gertrude_Lachner	Q126744202
personwd	Ljuba_Bielefeld	Q126755221
personwd	Katharina_Krapp	Q55904529
personwd	Jacqueline_Lafontaine-Dosogne	Q19753936
personwd	Julitta_of_Armenia	Q126870136
personwd	Bertha_Wiernik	Q94639623
personwd	Elene_Tsagareishvili	Q97360229
personwd	Frances_Trego_Montgomery	Q55618965
personwd	Zehira_Houfani	Q108648298
personwd	Elena_Bulgakova	Q521777
personwd	Margarida_Gironella	Q20005631
personwd	Edith_Sessions_Tupper	Q126900458
personwd	Encarnación_Magaña	Q96954599
personwd	Sarah_Dana_Greenough	Q94133044
personwd	Wieke_Bosch	Q124051712
personwd	Kleobule	Q1555317
personwd	Fanny_Emily_Penny	Q50305976
personwd	Virginia_MacFadyen	Q66663358
personwd	Eleanora_Louisa_Hervey	Q24091208
personwd	Anne_Crawford,_Baroness_von_Rabé	Q90141044
personwd	Ethel_Smith_Dorrance	Q120815424
personwd	Véronique_Massan_Osséyi	Q121029494
personwd	Amy_Sawyer	Q19409567
personwd	Hugo_Travers	Q65130631
personwd	Greg_A._Baldwin	Q127022683
personwd	Hamdiya_Katchirika	Q109615045
personwd	Mariana_Mazza	Q20139916
personwd	Mabel_Broughton_Billett	Q62678276
personwd	Simone_Louise_des_Forest	Q3484584
personwd	Charmaine_Poh	Q127272229
personwd	Martha_Cabanne_Kayser	Q66624578
personwd	John_Schulman	Q103236782
personwd	Armin_Papperger	Q111036212
personwd	Alice_Dew-Smith	Q55431873
personwd	Yuval_Rozman	Q123361202
personwd	Ada_Barnett	Q127420053
personwd	Matthew_L._Jones	Q111133234
personwd	Susanna_Mary_Paull	Q16512607
personwd	Mona_Farnsworth	Q127512708
personwd	Therapy_2093	Q110093053
personwd	Eupolia	Q15987053
personwd	Racquel_Moses	Q127601214
personwd	Marieme_Lo_(academic)	Q127602312
personwd	Lucy_Kassa	Q124316032
personwd	Jane_Margaret_Hooper	Q56571872
personwd	Ada_Trevanion	Q75247405
personwd	Khaing_Zar_Aung	Q125120165
personwd	Anna_McClure_Sholl	Q60196397
personwd	Jacqueline_Daane-van_Rensburg	Q1542531
personwd	Caroline_Snowden_Whitmarsh	Q19596544
personwd	Ratna_Indraswari	Q3699152
personwd	Octavia_Zollicoffer_Bond	Q57519828
personwd	Bouchra_Abdou	Q127926619
personwd	Caritina_Piña	Q127969094
personwd	Monique_Sand	Q106251171
personwd	Jacqueline_Moustache-Belle	Q128040532
personwd	Naky_Sy_Savané	Q3335374
personwd	Toby_Green_(publisher)	Q64826981
personwd	Ana_Lúcia_Ramos_Lisboa	Q36850369
personwd	Najwa_Tlili	Q128078457
personwd	Edrica_Huws	Q18535700
personwd	Kitso_Lynn_Lelliott	Q128240274
personwd	Laïla_Abdou_Tadjiri	Q128305241
personwd	Niels_Hoffmeyer	Q1988994
personwd	Adjaratou_Lompo	Q124606648
personwd	Olga_Vasilievna_Evdokimova	Q128332474
personwd	József_Sadler	Q1254676
personwd	Kamara_Kamalova	Q23657718
personwd	Ana_Guevara_and_Leticia_Jorge	Q128629000
personwd	Sofía_Quirós_Ubeda	Q63464986
personwd	Arthur_Storch_(sculptor)	Q23639475
personwd	Ana_Cristina_Barragán	Q87721681
personwd	Georgette_Barsoum	Q128597073
personwd	Renate_Costa	Q102184972
personwd	Elsie_Margaret_Clifford	Q54911972
personwd	Carmen_Concha	Q20575067
personwd	Brigitte_Billaud-Varenne	Q128746849
personwd	Gaya_Jiji	Q90145335
personwd	Muzna_Al_Musafer	Q104519411
personwd	Maurice_Agulhon	Q64712781
personwd	Iris_Hall	Q119217900
personwd	Sandra_Pires_(singer)	Q2221082
personwd	Cube_Bonifant	Q42529811
personwd	Theresa_Frostad_Eggesbø	Q91619357
personwd	Farzaneh_Sharifi	Q129032570
personwd	Lizzie_Conway	Q105727192
personwd	Helen_Eby-Rock	Q3129605
personwd	Pierre_Villard	Q116414687
personwd	Artis_Henderson	Q129811720
personwd	Veronica_Tyler	Q118434054
personwd	Mazie_Withers	Q129199992
personwd	Chris_Turner_(comedian)	Q130251391
personwd	Helena_Dunlap	Q52156204
personwd	Frank_D._Reeves	Q127688809
personwd	Adejuwon_Soyinka	Q129779573
personwd	Emma_Krogh	Q129927072
personwd	Friedrich_Wilhelm_Dörpfeld	Q122429
personwd	Anton_Sova	Q119890249
personwd	Moses_Benjamin_Wulff	Q55902774
personwd	David_de_Pomis	Q1177367
personwd	Lippold_ben_Chluchim	Q1827544
personwd	Pierre-Édouard_Stérin	Q56305953
personwd	James_Morris_Whiton	Q19559832
personwd	George_Francklin_Atkinson	Q46474303
personwd	Ada_C._Chaplin	Q117074629
personwd	Cynthia_Gairy	Q117480803
personwd	Shirley_Dale	Q130280770
personwd	Luis_Laplace	Q130297901
personwd	Nelle_Rodd	Q130302601
personwd	Margaret_Cockburn_Conkling	Q92106076
personwd	Annie_Charlotte_Catharine_Aldrich	Q64685420
personwd	Caroline_E._Kelly_Davis	Q130332228
personwd	Marharyta_Vorychava	Q117228050
personwd	Lora_Lamm	Q13534572
personwd	Élie_Belorizky	Q96314722
personwd	Giuseppe_Del_Papa	Q18945490
personwd	Esther_Budiardjo	Q4098245
personwd	Abraham_Bibago	Q329773
personwd	Benedetta_Berti	Q23769525
personwd	Carroll_Bogert	Q111529116
personwd	Leigh_Davids	Q116980615
personwd	Jean-Christian_Petitfils	Q3164719
personwd	Isebong_Asang	Q130435764
personwd	Maria_Gaiyabu	Q130449376
personwd	Caroline_Lair	Q108530498
personwd	Frank_Leah	Q64590587
personwd	Nicole_Yamase	Q130476733
personwd	Peter_Dodge	Q130480130
personwd	Tatyana_Lazareva	Q4252845
personwd	Ninja_Thyberg	Q13426805
personwd	Emily_Card	Q130718070
personwd	Gabriela_de_Matos	Q130639333
personwd	Abraham_van_der_Eyk	Q16186029
personwd	George_Mathews_Whipple	Q18527665
personwd	Chum_Ehelepola	Q56163515
personwd	Orquidea_Tamayo_Mortera	Q126298064
personwd	Bea_Hines	Q131199885
personwd	Clara_Rosa_De_Lima	Q106648914
personwd	Leyb_ben_Oyzer	Q131286827
personwd	Marguerite_Stern	Q105839372
personwd	Leonhard_Grill	Q52907000
personwd	Waheeda_Malullah	Q130295962
personwd	Kongdeuane_Nettavong	Q124606221
personwd	Olga_Manuilova	Q15071995
personwd	Thomson_Plevins	Q131299823
personwd	Timothy_L._Fort	Q112538993
personwd	Abraham_Braatbard	Q131301593
personwd	Annie_Locker-Allen	Q130508506
personwd	Chador_Wangmo	Q131303645
personwd	Mildred_Sopé	Q131309021
personwd	Valcina_Ash	Q131313745
personwd	June_Soomer	Q131316490
personwd	Maria_Corrêa	Q131338427
personwd	Helen_Hugo_Barrett	Q131344373
personwd	Sarah_Jolliffe	Q131351699
personwd	John_K._Adams	Q124054253
personwd	David_Evins	Q67175873
personwd	Evgeny_Panov	Q4344171
personwd	Rew_Hanks	Q131428681
personwd	Paule_Tricheux	Q131428558
personwd	Aleksandr_Lyubishchev	Q1092151
personwd	Odette_Kervorcʻh	Q131430937
personwd	Noëlla_Tricheux	Q131437019
personwd	Susanna_the_Deaconess	Q131447301
personwd	Emma_of_Ghazaravan	Q131318506
personwd	Elisabeth_von_Matzingen	Q21032103
personwd	Elisabeth_von_Spiegelberg	Q96383839
personwd	Fides_von_Klingen	Q21032157
personwd	Beatrix_von_Wolhusen	Q96413775
personwd	Louise_Soumande	Q112055032
personwd	Columba_Carroll	Q116762513
personwd	Henriette_Tilly	Q131531263
personwd	Mordecai_Plungian	Q21789570
personwd	Manasseh_of_Ilya	Q12409308
personwd	Jane_Morand	Q131522603
personwd	Marie-Françoise_Giffard_de_Saint-Ignace	Q3847843
personwd	Armandine_Mahé	Q101607898
personwd	Marie-Madeleine_Maufils_de_Saint-Louis	Q131545088
personwd	Patti_Anahory	Q131544979
personwd	Alema_Alema	Q109968643
personwd	Christos_Konstantinidis_(anarchist)	Q131558055
personwd	Mary_B._Tucker	Q105097241
personwd	Laurilla_Aleroyla_Smith	Q50380244
personwd	Katia_Caré	Q131343694
personwd	Sabiana	Q131296812
personwd	Richard_White_(businessman)	Q131742884
personwd	Macrina_of_Portaria	Q131572884
personwd	Vincent_C._Rideout	Q102077344
personwd	Carlos_José_Pereira_de_Lucena	Q60999886
personwd	Maria_Bellett_Browne	Q130424882
personwd	Mary_Park_Seavey_Benton	Q127604867
personwd	Vladimir_Kabo	Q4206722
personwd	Ierusalima_Gligor	Q131321690
personwd	M._Mokammel_Haq	Q131786113
personwd	Anna_Nellens	Q131679301
personwd	Marie_Seitz	Q131682576
personwd	Anna_Maria_Lawatsch	Q131693006
personwd	Germogen_Pospelov	Q4374122
personwd	Anna_Maria_Braun_(artist)	Q561951
personwd	Mary_Cummings_Browne_Hatch	Q124539956
personwd	Caroline_Drummond	Q75314271
personwd	Sister_Mary_Brady	Q131752698
personwd	Sheila_Davis	Q131805289
personwd	Deborah_Ferris_Bringhurst	Q131765782
personwd	Anna_Fuller	Q38221441
personwd	Bobbie_Barwell	Q127573072
personwd	Alethea_Stiles	Q131872318
personwd	Víctor_Beltrí	Q3564443
personwd	Anne-Eléonore_de_Béthune_d'Orval	Q88228603
personwd	Igor_Froyanov	Q4493069
personwd	Vladimir_Sergeyevich_Semenikhin	Q4415244
personwd	Gertrude_Potter_Daniels	Q132126527
personwd	Elsie_Muriel_Jones	Q131751563
personwd	Putuse_Appolus	Q132151535
personwd	Philothei_of_Souroti	Q131315281
personwd	Paul_Dufault	Q103817592
personwd	Olga_Papasarandou	Q131315702
personwd	Irene_Drusilla_Namaganda	Q132178142
personwd	Herbert_Prentice	Q132181791
personwd	Theorianos	Q132184126
personwd	Susan_Dangarembga	Q132187256
personwd	Julia_Aker_Duany	Q132191408
personwd	Vladimir_Ovchinsky	Q4330945
personwd	Betty_Isaacs	Q105879422
personwd	Ellen_Cahill	Q24087768
personwd	Aïcha_Bogoreh_Darrar	Q132310168
personwd	Charles_Simon_(anarchist)	Q132565470
personwd	Aída_Doninelli	Q5490948
personwd	Anna_Guerra_de_Jesús	Q112920207
personwd	Johannes_F._Coy	Q112435356
personwd	Wieland_B._Huttner	Q98540521
personwd	Élise_Thérèse_Gamassa	Q123196730
personwd	Dafroza_Gauthier	Q126689181
personwd	Thomas_Croft_(artist)	Q91340792
personwd	Alma_Knows_His_Gun_McCormick	Q132859045
personwd	Hywel_Pratley	Q126001060
personwd	Rizwan_Javed	Q132860572
personwd	Sreekala_Bajwa	Q92936295
personwd	Joseph_Jas-Béala	Q132907446
personwd	Francine_M._Benes	Q119495999
personwd	Adebanji_Alade	Q101499974
personwd	Aisha_bint_Sa'd_ibn_Abi_Waqqas	Q20408586
personwd	Bess_Allen_Donaldson	Q104713432
personwd	Ellen_Baumler	Q132994731
personwd	Mariem_mint_Beyrouk	Q124383126
personwd	Eva_Díaz_(art_historian)	Q133004560
personwd	Giusto_de'_Conti	Q3771771
personwd	Khadija_Abdullahi_Daleys	Q132176573
personwd	Sara_Nugdallah	Q133114866
personwd	Thomas_Bolton_(microscopist)	Q133189825
personwd	Setareh_Maleki	Q126873958
personwd	Ghanima_al-Harb	Q20400964
personwd	Suad_Al-Kuwari	Q133259170
personwd	Mary_A._Fisher	Q66493921
personwd	Louise_F._Suddick	Q56070913
personwd	Fatima_Mahmoud	Q131468042
personwd	Famata_Bendu_Sandemani	Q133272886
personwd	Ronny_Larsson	Q66088214
personwd	Felicity_D._Scott	Q84951092
personwd	Célestin_Nat	Q133321392
personwd	Edwige_Razafy	Q125397495
personwd	Mmekutmfon_Essien	Q108327506
personwd	Faida_Mitifu	Q133445092
personwd	M'Mah_Sylla	Q133458667
personwd	Olga_Yeryomina	Q85137059
personwd	Ryo_Yon-gu	Q16176119
personwd	Adrienne_Chailliey	Q133503395
personwd	Güljamal	Q132660564
personwd	Hannah_Mahoney	Q65670146
personwd	Helen_Nyirenda_Kaunda	Q133522188
personwd	Carla_Maldonado	Q42719023
personwd	José_Roberto_Torero	Q1704125
personwd	Pierre_Martinet_(anarchist)	Q133698603
personwd	Deolinda_Guezimane	Q133773777
personwd	Helen_Shields	Q133801248
personwd	Grace_Livingston_Furniss	Q110733182
personwd	Georgia_Woodthorpe	Q116025122
personwd	Ernest_Richard_Hughes	Q69562572
personwd	Georgiana_Carhart	Q118401992
personwd	Marguerite_Wapler	Q133826914
personwd	Geneviève_Mersch	Q13102760
personwd	Édouard_Foà	Q3579843
personwd	Humonya	Q133254870
personwd	Ilia_Solomonovich_Abelman	Q48953998
personwd	Rosemary_Grimble	Q132092757
personwd	Gertie_Wood	Q133850560
personwd	Marie-Augustine_Houangni_Ambouroué	Q133857684
personwd	Maria_Grey_(novelist)	Q75343968
personwd	Jacques_D'Hondt	Q3158616
personwd	Mary_Caroline_Gray	Q64685714
personwd	Catherine_Maria_Grey	Q64685722
personwd	May_Kidson	Q134005335
personwd	Blanche_Alethea_Crackanthorpe	Q134007300
personwd	Gustav_Conrau	Q41742707
personwd	James_Flett	Q110175201
personwd	Alaba_Ida	Q134236007
personwd	Monica_Backström	Q4937214
personwd	Joséphine_Mountou-Bayonne	Q112570920
personwd	Makhabat_Tazhibek_Kyzy	Q126287658
personwd	Paula_Brito	Q10346319
personwd	Christina_Anne_Jessica_Cavendish-Bentinck	Q75253438
personwd	Dora_Manchado	Q122252942
personwd	Myra_Felton	Q110175223
personwd	André_Doz	Q97068223
personwd	Annie_Gordon_Baillie	Q134543315
personwd	Kevin_April	Q134551699
personwd	Janne_Formoe	Q11978190
personwd	Paulo_Henriques_Britto	Q2064034
personwd	Georgy_Lukich_Smirnov	Q4424659
personwd	Albert_Nagele	Q77353291
personwd	John_Pomeroy_(hydrologist)	Q58096585
personwd	Kathleen_DuVal	Q30585837
personwd	Vyacheslav_Stepin	Q4444882
personwd	Espertirina_Martins	Q67776142
personwd	Annette_Claudier	Q128796097
personwd	Sigrid_Calon	Q29436314
personwd	Edson_Hurtado	Q28978155
personwd	Sazanami_Iwaya	Q19366455
personwd	Dan_Gallin	Q134710961
personwd	Marie-François_Goron	Q19629261
personwd	Amara_Moira	Q62108315
personwd	Kaia_Varjord	Q17113535
personwd	Anas_Todkill	Q134980239
personwd	John_Ward_(geologist)	Q123150152
personwd	Xico_Sá	Q16941114
personwd	Onke_Mazibuko	Q133268204
personwd	Eleonora_Katharina_von_Fürstenberg	Q65054762
personwd	Mahsa_Rostami	Q126874187
personwd	Patrick_Healy_(journalist)	Q135218990
personwd	Laura_M._Plantz	Q61474368
personwd	Pedro_Alberto_Morettin	Q102189052
personwd	Werner_Graebner	Q131287084
personwd	Sanam_Mahloudji	Q128795687
personwd	Kathleen_H._Burns	Q57645846
personwd	Chi_Oang	Q11723230
personwd	Elizabeth_O'Kelly	Q135550342
personwd	Walter_Bgoya	Q135639448
personwd	Anthony_Thysius_the_Younger	Q606745
personwd	Alfred_Burgess_Sharrocks	Q21454955
personwd	Alexander_Massov	Q135687097
personwd	Elifas_Andreato	Q10271890
personwd	Blanca_Elena_Paz	Q135739681
personwd	David_Mazzarella	Q135760280
personwd	Emma_Winifred_O'Malley	Q96074356
personwd	Pauline_Fikelephi_Masuku	Q133414825
personwd	Carla_Madeira	Q109597755
personwd	Doreen_Potter	Q104553968
personwd	Atang_Tshikare	Q109392369
personwd	Antoine_Reille	Q2856667
personwd	Wander_Piroli	Q27989211
personwd	Raymond_Thouvenot	Q15970935
personwd	Kadu_Moliterno	Q4300455
personwd	Marcos_Frota	Q4493067
personwd	Matthew_Chang	Q88350592
personwd	Hima_Raza	Q133594998
personwd	Jérôme_Béglé	Q85085765
personwd	Isabelle_Quenin	Q3155018
personwd	Oleg_Rakhmanin	Q4391139
personwd	Pirira_Athumani	Q135967633
personwd	Fernand_Nathan	Q18379345
personwd	François_de_La_Grange	Q3086211
personwd	Norman_Hickin	Q55946820
personwd	Lucila_Estrada_de_Pérez	Q136084570
personwd	Avner_Wishnitzer	Q113832072
personwd	Thomas_Sénécal	Q108070282
personwd	Anna_Chang	Q136126279
personwd	Étienne_Gernelle	Q3592181
personwd	Francis_Petter	Q3081632
personwd	Melanie_O'Brien	Q134731509
personwd	Maud_Stepney_Rawson	Q124051166
personwd	Mary_Kring_Risley	Q136194718
personwd	Rosa_Lewis_(actress)	Q131042755
personwd	Cyril_Linette	Q3009027
personwd	Paulo_Domingos_Cordaro	Q102149539
personwd	Rachel_Butler	Q64685566
personwd	Sara_Bulkley_Rogers	Q107626196
personwd	Rosabel_Morrison	Q75711798
personwd	Volha_Zazulinskaya	Q121290904
personwd	John_Tsebe	Q117455315
personwd	Frenchie_Mae_Cumpio	Q125373760
personwd	Isabella_Quaranta	Q30332126
personwd	Heidi_Lindén	Q16984478
personwd	Daniella_Zalcman	Q125107122
personwd	Eleanor_C._Price	Q64685879
personwd	Mary_Imlay_Taylor	Q63485870
personwd	Barbara_Belford	Q59529877
personwd	Eli_Colter	Q108305231
personwd	Vladyslav_Yesypenko	Q114915798
personwd	Jean-Claude_Méry	Q3165140
personwd	Adolpho_Bloch	Q199656
personwd	Fern_Najere_Sadyalunda	Q133972700
personwd	Tata_Bambo_Kouyaté	Q132156964
personwd	Jane_Shaw_Carpenter	Q136509516
personwd	Veronika_Richterová	Q21150740
personwd	Omer_Shatz	Q136089637
personwd	Shamitu	Q136542769
personwd	Maria_Jane_Scott	Q82868330
personwd	Ann_Fraser_Tytler	Q110280275
personwd	Sophia_Crawford_(novelist)	Q131040714
personwd	Jane_Kinderley_Stanford	Q64685918
personwd	Jack_Fascinato	Q113806338
personwd	Ellen_Cushing	Q133280772
personwd	Galal_El-Behairy	Q83299238
personwd	Ṣaḥīfa_Bānū	Q116446520
personwd	Feng_Xian	Q45454448
personwd	Zhang_Hao_(poet)	Q45452855
personwd	Ren_Xia	Q111377108
personwd	Wang_Yuelian	Q45612750
personwd	Ju_Qing	Q45543531
personwd	Luo_Qilan	Q45702002
personwd	Raffaella_Laezza	Q136813965
personwd	Liang_Xiaoyu	Q45688586
personwd	Rosemary_Peel	Q136832352
personwd	Peter_Beer_(historian)	Q791961
personwd	Naxun_Lanbao	Q45691803
personwd	Miss_Nalan	Q136887421
personwd	Giles_Brent	Q104899515
personwd	Sibo_(poet)	Q45542304
personwd	Xiang_Jianzhang	Q45576208
personwd	Mutayyam_al-Hashimiyya	Q12238755
personwd	Shereen_Seif_El-Nasr	Q12219369
personwd	Wu_Shujuan	Q45593278
personwd	Hugh_Forbes_(soldier)	Q136945564
personwd	Qiu_Xinru	Q55903131
personwd	Li_Bozhao	Q11095325
personwd	Zhou_Sicong	Q44008638
personwd	Ajoa_Yeboah-Afari	Q137179629
personwd	Itziar_Ziga	Q11684114
personwd	Zoila_Gálvez	Q26715217
personwd	Zahra_el_Hasnaoui_Ahmed	Q20220006
personwd	Mary_Zeller	Q137263997
personwd	Domingas_Samy	Q137274600
personwd	Ionna_Vautrin	Q33120082
personwd	María_Perpétua_Candeias_da_Silva	Q137331578
personwd	Clothilde_de_Valois_Zeller	Q119443248
personwd	Yuriko_Domoto_Tsukada	Q137361374
personwd	Eunice_Young_Smith	Q120433323
personwd	Yilma_Habteyes	Q137385175
personwd	Daniel_Forsman	Q137258274
personwd	Alisa_Ryzhychenka	Q128481616
personwd	Zhyldyz_Abdylasovna_Maldybayeva	Q25581053
personwd	Eunice_Fisher	Q137598919
personwd	A'ishatu_Hamani_Zarmakoy_Dancandu	Q132201077
personwd	Pamela_Gilbert	Q112354215
personwd	Amelia_Barleycorn	Q137651814
personwd	Julia_P._G._Jones	Q22114266
personwd	Elisabeth_Teyber	Q19999103
personwd	Charles_Shepard_(artist)	Q99480196
personwd	Gabriel_de_La_Landelle	Q3119994
personwd	Tom_Cooper_(military_historian)	Q12015678
personwd	Maram_Kairé	Q107426367
personwd	Agariste_(mother_of_Pericles)	Q390670
personwd	Dorothy_Kabua	Q137768461
personwd	Marie_Madeleine_Ly-Tio-Fane	Q112229201
personwd	Donald_G._Davis,_Jr.	Q31804003
personwd	Viviana_Krsticevic	Q126599086
personwd	Vadim_Kozhinov	Q4226381
personwd	Valerie_Veatch	Q21405921
personwd	Rustem_R._Vakhitov	Q59670903
personwd	Adèle_Evrard	Q18603256
personwd	Léo_Jo	Q97582440
personwd	Dominique_Celis	Q116459924
personwd	Odayme_Quesada	Q138047606
personwd	Johanna_Salm-Reifferscheid	Q20755610
personwd	Bertha_von_Grab	Q24081309
personwd	Jenny_Schermaul	Q25935480
personwd	Sheila_Reith	Q130699677
personwd	Marie_Nivouliès_de_Pierrefort	Q9616390
personwd	Andrew_Jackson_(geophysicist)	Q138544903
personwd	Josef_Menges	Q58856232
personwd	Achouackh_Abakar_Souleymane	Q109636992
personwd	Suzanne_André	Q61798166
personwd	Alexa_Keas	Q138381473
personwd	Enid_Barraud	Q138427654
personwd	Alphonsine_Mukarugema	Q138429468
personwd	Abdallah_Al-Khatib	Q111830279
personwd	Elsa_Yacob	Q138423573
personwd	Maxentia_Rheinberger	Q55859719
personwd	Elbenita_Kajtazi	Q47002659
personwd	Chris_Hines_(environmentalist)	Q138510447
personwd	María_A._Gámez	Q138556803
personwd	Joan_Daisey	Q89188051
personwd	Tor_Bonnier	Q5581921
personwd	Clemence_Acland	Q75276415
personwd	Rosabel_Nelson	Q131179828
personwd	Ethelca_Brand	Q138672997
personwd	Sara_Gilfert	Q134990179
personwd	María_Ariza_y_Delance	Q6003383
personwd	Ekaterina_Elbakyan	Q4530742
personwd	Roman_Nikolaevich_Lunkin	Q4269498
personwd	Cléber_Machado	Q16337268
personwd	Jabez_Parkhurst	Q138820910
personwd	Gabriel_Holland	Q138856400
personwd	Charlotte_Adams_(writer)	Q76112520
personwd	Esther_Bakewell	Q115042205
personwd	Eliza_Hillier	Q76327571
personwd	Maria_Norris	Q64685843
personwd	Ana_Penyas	Q57395615
personwd	Antonio_Altarriba	Q8201122
personwd	Gustave_Barnes	Q5621270
personwd	F._F._Montrésor	Q76239881
personwd	E._F._Blakiston	Q64685530
personwd	Augusta_Louisa_Lyons	Q75602422
personwd	Claire_Del_Mar	Q138976885
personwd	Frances_Brough	Q64685553
personwd	Cassandra,_Lady_Hawke	Q75851955
personwd	Diana_Fuentes	Q136448673
personwd	Elizabeth_Allen_(artist)	Q112743411
personwd	Caroline_Frances_Ricketts	Q76270423
personwd	Anne_Catherine_Monkland	Q90148268
personwd	Dorothea_Townshend	Q75832736
personwd	Eveline_Louisa_Mitchell_Forbes	Q64685697
personwd	Edith_Stewart_Drewry	Q64685661
personwd	Nick_Elphick	Q139556108
personwd	Pavel_Barkouski	Q128482830
personwd	Maria_Boortens	Q19911735
personwd	Reuben_Moore_Benjamin	Q139584236
personwd	Rene_Orellana_Halkyer	Q28101244
personwd	Johanna_Agerman_Ross	Q117034851
personwd	John_Howell_(poet)	Q18671846
personwd	Brooke_Hodge	Q124855903
personwd	Patricia_Welles	Q138508519
personwd	Jessy_Randall	Q139711360
personwd	Cecilia_Anne_Jones	Q139974127
personwd	E._Gallienne_Robin	Q139980854
personwd	Malva_Solís	Q137825110
personwd	Sarah_D._Greer	Q64685720
personwd	Helen_Atteridge	Q139548615
personwd	William_Gambold	Q18535631
personwd	Puta_da_Silva	Q121494579
personwd	Vivian_Capel	Q111022582
personwd	Claude_Moliterni	Q1096975
personwd	Robert_de_la_Chevotière	Q140324755
personwd	Milka_Bajić_Poderegin	Q85996317
personwd	Suellen_Rayanne_Linhares_Ribeiro	Q133458330
personwd	Beryl_Williams_(actress)	Q13125995
personwd	Max_Zerwick	Q52007024
personwd	Consuelo_Segarra	Q5784857
personwd	George_Eyre_Evans	Q20733065
personwd	Vitão_(singer)	Q85878768
personwd	Robert_Morgan_(ironmaster)	Q19325347
personwd	John_Ross_(printer)	Q19325667
personwd	David_Thomas_(Dafydd_Ddu_Eryri)	Q18535548
personwd	Anna_Åkesson	Q11851637
personwd	Sjef_van_Tilborg	Q13739273
personwd	Grace_Gerber_Silverberg	Q140579139
personwd	Lucie_Barbier	Q56174039
personwd	Emilie_Doetsch	Q66699019
personwd	Jill_Silsby	Q140606127
personwd	Suad_al_Lamkiyah	Q109257456
personwd	Elined_Prys	Q126947966
personwd	Aldona_E._Appleton	Q140645851
personwd	Noëlle_Ffrench_Davies	Q56187047
personwd	Kitty_Idwal_Jones	Q56179656
personwd	Mary_Silyn_Roberts	Q135256246
personwd	Kate_Kane_Rossi	Q89134502
personwd	Gratiana_Chanter	Q64685585
personwd	Charlotte_Bickersteth_Ward	Q140746807
personwd	Charlotte_Bickersteth_Wheeler	Q140746815
personwd	George_Alfred_Walker_(sanitary_reformer)	Q18917656
personwd	Aleksandar_Mandic	Q9600982
personwd	Eleanor_Eden_(novelist)	Q75901027
personwd	Sarah_Ann_Myers	Q63637275
personwd	Laetitia_Selwyn_Oliver	Q139923436
personwd	Emily_Calvin_Blake	Q121765792
personwd	Mary_Boddington	Q23978341
personwd	Elvina_Mary_Corbould	Q75211297
personwd	Adolfo_Ottolenghi	Q19258472
personwd	Violet_Guttenberg	Q55722547
personwd	Lucy_Gertrude_Moberly	Q18912666
personwd	Atena_Beauvoir_Roveda	Q109331367
company	Clarkson_plc	Q16987518
company	Maan_Coffee	Q28411347
company	Haus_Labs	Q77659264
company	OrthoCor	Q7104393
company	King's_Group	Q21061586
company	Sports_Experts	Q3494160
company	Association_of_Old_Crows	Q4809953
company	Sportsbook.com	Q7579955
company	ToeJam_&_Earl_Productions	Q7812896
company	Dixy_Chicken	Q5285003
company	One_Caribbean_Media	Q7092517
company	Cataldo_Ambulance_Service	Q5051238
company	Ihug	Q5994852
company	15min	Q194350
company	Charlton_Media_Group_(Canada)	Q7357917
company	Perkins_Eastman	Q7169038
company	Datam_Polystar	Q5227448
company	Jean_Lassale	Q6170990
company	Ziebart	Q8071501
company	Kanto_Tsukuba_Bank	Q6365553
company	Janata_Bank_Nepal_Limited	Q13181153
company	Bastion_(agency)	Q65066960
company	Di_Blasi_Industriale	Q945560
company	Kazakhmys	Q649715
company	Iran_Khodro_Diesel	Q6066811
company	Jasa_Tirta_I	Q12487407
company	Mjólkursamsalan	Q16422529
company	Amsa_assurances_Sénégal	Q118904897
company	CureVac	Q1144473
company	DRNH	Q16249299
company	Vuzix	Q7943726
company	Academica_(charter_school)	Q16157892
company	Blu-ray_Disc_Association	Q885525
company	Ryobi_Holdings	Q11362596
company	Ashton_Gate_Brewery_Co	Q4806034
company	Hailo_Technologies	Q108884640
company	Concha_y_Toro	Q1123957
company	Radio_Express	Q7280779
company	Atlantis_Entertainment	Q113484990
company	Tesoro_Corporation	Q2037080
company	Church's	Q2967663
company	Igalia	Q5991444
company	Can-Am_motorcycles	Q2935727
company	Symbios_Logic	Q7661121
company	TSMC	Q713418
company	Bassetts_Ice_Cream	Q136085362
company	MANOC	Q16997308
company	Canadian_Malartic_Corporation	Q2997693
company	Rietumu_Banka	Q4048312
company	Shionogi	Q3482319
company	CFAO_Ghana	Q5010418
company	Famolare	Q130856590
company	Neversoft	Q970264
company	South_Coast_Seacraft	Q107360515
company	Jantzen	Q6155612
company	Versant	Q135832869
company	E-CL	Q5321383
company	Pet,_Inc.	Q7171522
company	Celtic_Renewables	Q5058520
company	Camas_Bookstore_and_Infoshop	Q5024983
company	Ferry-Morse_Seed_Company	Q5445469
company	Safelite	Q28797369
company	Mydin	Q6947269
company	BIONIC_Hill_Innovation_Park	Q12074525
company	Semafo	Q7448994
company	Boys'_Brigade,_Hong_Kong	Q1883324
company	American_Video_Entertainment	Q628652
company	Vernandi	Q17126101
company	Ixom	Q136167892
company	Pie_Face	Q18166370
company	IA_Clarington_Investments	Q102045568
company	Cavium	Q5055187
company	Vijayta_Films	Q7929325
company	Concrete_Industry_Management	Q5159047
company	Bjørklids_Ferjerederi	Q11961307
company	Hungarian_Mint	Q585461
company	LECO_Corporation	Q6457587
company	Harvey_Cedars_Bible_Conference	Q14705536
company	Design_Research_(store)	Q5264293
company	Mirova_(company)	Q124415878
company	Arthur_Galan_AG	Q4798776
company	World_Spice_Merchants	Q115028453
company	Augustine_Heard_&_Co.	Q4821178
company	FamilyTreeDNA	Q4038610
company	GatesAir	Q17015648
company	Borgestad_(company)	Q16844668
company	Samoa_Breweries	Q7409898
company	Ports_International	Q7232388
company	Ridgid	Q7276772
company	Rochet-Schneider	Q1547795
company	Sun_Ray_Photo_Company	Q7638463
company	Wit_Studio	Q14508383
company	Shagang_Group	Q3138458
company	The_Analysis_Corporation	Q7713633
company	Sokolov_(company)	Q118904502
company	Darracq_Motor_Engineering_Company	Q28402639
company	Peerform	Q19893996
company	Alnatura	Q876811
company	Grainger_plc	Q5593525
company	IKEA_of_Sweden	Q133251859
company	Cole_Clark	Q5142631
company	British_North_West_Africa_Company	Q99860084
company	Jordan_Design_and_Development_Bureau	Q4117642
company	W._D._Oddy_&_Company	Q7945433
company	Atlantic_Bank_Group	Q2882890
company	Lionsgate_Canada	Q1344736
company	Oxford_(toy_company)	Q7115224
company	Hardy_Holzman_Pfeiffer_Associates	Q13533363
company	Alcatel	Q885235
company	Liberecké_Automobilové_Závody	Q35927
company	Melanzana_(clothing_brand)	Q65622099
company	GeoSouthern_Energy	Q21070776
company	Lennar	Q16981175
company	Yola_(webhost)	Q8054709
company	Takamine_(guitar_manufacturer)	Q1750599
company	SK_ecoplant	Q16172765
company	Desmi	Q12308300
company	Nyobolt	Q135274735
company	Moser_Baer	Q474249
company	Masonite_International	Q6783802
company	Trial_&_Error_Records	Q17035773
company	Softline_(South_African_software_company)	Q7554121
company	Paul_Stuart	Q17063153
company	Celestial_Pictures	Q5057908
company	HSBC_Guyerzeller_Bank	Q684709
company	Ligier_Automotive	Q20738327
company	Lisa_Frank_Incorporated	Q17112751
company	Flores_(company)	Q5460936
company	Bond_Aviation_Group	Q4941272
company	EGSA_Oran	Q112701589
company	TGC-1	Q1967957
company	Burundi_Musongati_Mining	Q130457605
company	SF_Holding	Q131845158
company	Lifecodes_(company)	Q104871762
company	Home_Properties	Q5888639
company	Tartan_Marine	Q47496753
company	Biological_E._Limited	Q4914950
company	Infineta_Systems	Q16996924
company	Seikosha	Q625132
company	Yanmar	Q520763
company	I.O.R.	Q5967868
company	Fujitec	Q1005532
company	Associated_Electrics	Q4809188
company	Iron_Mountain_(company)	Q1673079
company	Skidmore_Studio	Q17088261
company	Two_Tribes_(company)	Q2648346
company	UTC_Power	Q7875985
company	AirTrunk	Q136446452
company	Lindsay_Goldberg	Q6552712
company	TAM-Europe	Q954900
company	GWA_Group	Q5514874
company	Groupe_SEB	Q1168517
company	Pacific_Corporate_Group	Q7122413
company	JAFCO	Q11310065
company	Exit_Music_Publishing_Inc.	Q1067096
company	Lesprit	Q99557876
company	Sayvette	Q7429321
company	Rhein-Sieg-Eisenbahn	Q935929
company	JOC_Group	Q7863869
company	Halifax_(Ireland)	Q5642108
company	Terak_Corporation	Q116756586
company	AGB_Nielsen_Philippines	Q4651641
company	Ibanez	Q320458
company	Invenio_Origin	Q126678771
company	AXS_(company)	Q16243325
company	Game_Arts	Q1493042
company	Neo_Financial	Q136236164
company	ActiveState	Q4033362
company	FBR_Capital_Markets	Q5424656
company	Wealth_Migrate	Q24233954
company	Astellas_Pharma	Q528842
company	CalBank	Q4035559
company	HopStop	Q5898888
company	Marshall_Farms	Q6773565
company	May-Daniels_&_Fisher	Q6796221
company	OPSM	Q7072858
company	Indian_Oil_Corporation	Q1289348
company	Ircon_International	Q5973433
company	ERA_Technology	Q5324017
company	Tengizchevroil	Q1046465
company	Rogers_Cable	Q3439659
company	VisibleWorld	Q7936083
company	The_Sample	Q7762178
company	In_Films	Q28224613
company	ELitmus	Q5323339
company	Princess_Yachts	Q4574529
company	Shamir_Optical_Industry	Q97570517
company	Broadway_Play_Publishing	Q4972492
company	Etos	Q2609459
company	Nissan_South_Africa	Q1966980
company	Akari_Lighting_&_Technology	Q131374939
company	Hybrids_Plus	Q16996196
company	Blue_Ridge_Communications	Q4929699
company	Klabin	Q1474718
company	Borderplex_Alliance	Q7142251
company	Romar_Entertainment	Q7362901
company	ExxonMobil_Australia	Q5399929
company	Monsta_Studios	Q4765200
company	Davis_Aircraft	Q5241832
company	Airports_Company_South_Africa	Q4698983
company	VMware	Q11407
company	Astrotech_Corporation	Q59507
company	Religare	Q7311108
company	Overseas_Chinese_Town_Enterprises	Q3347522
company	Summit_Partners	Q7637846
company	Radica_Games	Q7280388
company	Tipsy_Elves	Q17085964
company	Infraware	Q109875644
company	Mozcom	Q6927927
company	Canadian_Oil_Companies	Q106610710
company	Fonbet	Q49137910
company	Euroset	Q65310
company	Coop_Mega	Q4581010
company	Zara_Investment_Holding	Q20087849
company	Koei_Tecmo	Q1576915
company	Physical_Intelligence_Inc.	Q138658641
company	Enodis	Q5379355
company	SS_Cars	Q7393338
company	Privatization_Board_of_Turkey	Q7246274
company	Farmer's_Joint_Stock_Bank	Q5435681
company	Arkas_Container_Transport	Q84309613
company	Moserhof	Q37759998
company	Narmada_Valley_Development_Authority	Q6966049
company	LFD_Holding	Q115988582
company	JLG_Industries	Q12060878
company	China_Kingho_Group	Q5099751
company	Aglamesis_Bro's	Q65041141
company	Alloy_(company)	Q136707807
company	Bath_Aqua_Theatre_of_Glass	Q4868887
company	Pacific_Telegraph_Company	Q7122726
company	STM_Sistem_Teleferik	Q16951427
company	Trondhjem_Hospital	Q12007656
company	Sibirtelecom	Q786933
company	GlyphX	Q5573015
company	Walker_Electric_Truck	Q17142506
company	The_Honey_Pot_Company	Q130548355
company	Unidad_Editorial	Q2056424
company	Revolution_Analytics	Q4048220
company	Helog	Q15088238
company	Cordis_(medical)	Q4698292
company	Open_Environment_Corporation	Q7096022
company	International_Academy_of_Cytology	Q19969483
company	Kramer_Electronics	Q6436024
company	Machsanei_HaShuk	Q6775183
company	River_Road_Entertainment	Q16672882
company	Lexington_State_Bank	Q6537864
company	Kemps_(company)	Q19903369
company	Consolidated_Communications_of_Northern_New_England	Q7058778
company	EPS_Elektrokosmet	Q48971659
company	Makedonski_Shumi	Q12904475
company	Fuzzy's_Taco_Shop	Q85762348
company	Guerlain	Q1553251
company	HNZ_Group	Q16984499
company	Saskatchewan_Railway_Museum	Q7425605
company	Fitzgeralds_Gaming	Q5455621
company	Interfax-Ukraine	Q2448686
company	Inland_Type_Foundry	Q17005632
company	Semirara_Mining_and_Power_Corporation	Q106610346
company	Painting_with_a_Twist	Q56284086
company	RioCan_Real_Estate_Investment_Trust	Q13529475
company	Ramboll_Environ	Q17012267
company	Utopai_Studios	Q131822807
company	Gosling_Brothers	Q5587343
company	RedDoorz	Q78186049
company	Doświadczalne_Warsztaty_Lotnicze	Q5303931
company	NewTel_Communications	Q7005148
company	Dallmayr	Q1158033
company	Isuzu_Motors_(Thailand)	Q114436174
company	Gensler	Q3100834
company	InterDigital	Q6044894
company	Flare_Technology	Q5457473
company	Plantersbank	Q7201640
company	Proteon	Q107657476
company	BBC_Worldwide	Q2071905
company	Seiko_Instruments	Q378215
company	Landini_(tractor)	Q2261849
company	Hochtief_Concessions	Q1622400
company	Hair_Cuttery	Q5639484
company	Bengal_Chemicals_and_Pharmaceuticals	Q4887610
company	Banca_Generale	Q126811323
company	Jos_Alukkas	Q6279093
company	KW_Automotive	Q117290071
company	Sessions_(clothing_company)	Q7456144
company	Okmetic	Q7082453
company	10bet	Q98113689
company	Asia_MotorWorks	Q4806394
company	Magnex_Scientific	Q6731699
company	Veris_Residential	Q17109460
company	Central_Organisation_for_Railway_Electrification	Q4504133
company	United_Envirotech	Q19840974
company	MidOcean_Partners	Q6840885
company	Dave's_Hot_Chicken	Q108292298
company	Sun_Ferry	Q7012535
company	The_Butterfly_LLC	Q7720811
company	Pulsar_(social_listening_platform)	Q137324686
company	Preciosa_(corporation)	Q3502967
company	Polarus_Steamship_Company	Q113071116
company	Dari_Mart	Q5222675
company	IDRO_Group	Q6027592
company	Duple_Metsec	Q252610
company	Hamburg_Messe	Q1572920
company	Euro_Foods_(UK)	Q18636302
company	Royal_Bank_of_Scotland	Q160126
company	Asociación_Nacional_de_Empresarios_de_Locales_de_Alterne	Q42295805
company	Ɛ̃fini	Q425521
company	Monte_di_Credito_su_Pegno_di_Vicenza	Q48840025
company	Jain_Global	Q127162566
company	Chickenfeed_(retail_chain)	Q5096331
company	Tooth_and_Co.	Q7824258
company	Lindholmens	Q10562558
company	MEASAT_Satellite_Systems	Q1881326
company	Vitamin_World	Q7936979
company	Wordtune	Q117706017
company	Studio_100_Film	Q28659086
company	Pulmocide	Q65046528
company	Royal_Bioscope_Company	Q7373814
company	Anwar_Group_of_Industries	Q106713821
company	MerchantBridge	Q85784954
company	Revolver_Co-operative	Q16972080
company	Coop_(Hungary)	Q868980
company	Sun_Television_and_Appliances	Q7638541
company	ENDIAMA	Q1340457
company	Botak_Jones	Q17049329
company	Muddy_Waters_Research	Q6931694
company	Terrible_Herbst	Q7703648
company	LifeScan	Q6544627
company	Farmery_Estate_Brewery	Q19877831
company	China_Railway_Xi'an_Group	Q11627601
company	Aberdeen_Savings_Bank	Q108102535
company	AI21_Labs	Q113030551
company	Gazelle_(video_game_developer)	Q3099738
company	AccessBank_Azerbaijan	Q4033236
company	Brandon_Gray_Internet_Services	Q17511777
company	The_Coffee_Club	Q7726599
company	Globe_Life	Q7825574
company	Cambricon_Technologies	Q48890160
company	Rachel's_Organic	Q7279122
company	Amazon_MGM_Studios	Q4740868
company	FTE_automotive	Q1389745
company	Big4_Holiday_Parks	Q18636678
company	Baderbräu	Q4840797
company	IDA_International	Q5969935
company	Westinghouse_Electric_Corporation	Q632404
company	PowerWater	Q7236467
company	Ford_Romania	Q13479631
company	Edwards_Theatres	Q124314250
company	Real_Ispat_and_Power	Q24946243
company	Gurley_Precision_Instruments	Q5620146
company	Getronics	Q1520065
company	Pretoria_Metal_Pressings	Q2109083
company	AP&T	Q22348430
company	Contiloe_Pictures	Q5165218
company	GC_Rieber_Shipping	Q5513058
company	Tabula,_Inc.	Q7673602
company	Tokyo_RPG_Factory	Q24256009
company	Tom_N_Toms	Q18142418
company	COMSAT	Q1977883
company	Shouqi	Q106432432
company	Bramer_Banking_Corporation	Q19818781
company	BrickHouse_Security	Q20011308
company	Tesla,_Inc.	Q478214
company	Lamonts	Q6482239
company	Kalleh_Dairy	Q3192149
company	Sinohydro	Q1988046
company	Guerciotti	Q3118912
company	QatarEnergy_LNG	Q973930
company	Henn_GmbH	Q1502842
company	Tempo_(automobile)	Q315341
company	Premier_Oil	Q7240331
company	Anaid_Productions	Q4750923
company	The_Orphanage_(company)	Q16962803
company	LastPass	Q2418462
company	MIG_Holdings	Q650036
company	RepliWeb	Q7314050
company	EGames_(video_game_developer)	Q5323072
company	RIT_Capital_Partners	Q2124259
company	Bowery_Farming	Q108899227
company	Radio_Disney	Q54857
company	Canal+_S.A.	Q2663746
company	Aurcana_Corporation	Q25197544
company	Doosan_Robotics	Q110114780
company	Heineken_N.V.	Q180855
company	WSFS_Bank	Q7955609
company	MoonScoop	Q2852650
company	Slipgate_Ironworks	Q16986584
company	AT&T	Q35476
company	R_&_G_Financial_Corporation	Q7278160
company	Kenmare_Resources	Q6389445
company	Western_Star_Trucks	Q1370660
company	Caffyns	Q20711946
company	Ace_Hardware	Q4672981
company	Interference,_Inc.	Q6046370
company	Kumertau_Aviation_Production_Enterprise	Q1121832
company	New_York_Life_Insurance_Company	Q1039380
company	TYO_Inc.	Q11319072
company	Paidy	Q86740553
company	Annie's_Homegrown	Q4769205
company	Banjalučka_Pivara	Q2882546
company	Mozee	Q136547815
company	NET88	Q131598256
videogame	Axiom_Verge	Q4830546
videogame	Lords_of_the_Black_Sun	Q7600791
videogame	Storm_Warrior	Q15036808
videogame	NanoMission	Q6963963
videogame	Brain_Exercise_with_Dr._Kawashima	Q4955760
videogame	Dead_Man's_Hand_(video_game)	Q5245278
videogame	Magicraft	Q126695019
videogame	Business_Wars_(video_game)	Q5001815
videogame	A_Mortician's_Tale	Q42317355
videogame	Moai-kun	Q6886363
videogame	Open_Kart	Q7096102
videogame	F.E.A.R._Perseus_Mandate	Q2569879
videogame	The_Sword_of_Hope_II	Q7767760
videogame	The_Astonishing_Adventures_of_Mr._Weems_and_the_She_Vampires	Q7714744
videogame	Super_Monkey_Ball:_Touch_&_Roll	Q16259337
videogame	2Dark	Q28841925
videogame	Resident_Evil_2	Q733992
videogame	Looney_Tunes:_Cartoon_Conductor	Q6675661
videogame	Tales_of_Xillia_2	Q2355468
videogame	Pirates_of_the_Caribbean:_The_Legend_of_Jack_Sparrow	Q2474250
videogame	Herdy_Gerdy	Q5736680
videogame	Pushmo	Q634615
videogame	Master_of_Orion_II:_Battle_at_Antares	Q2493744
videogame	Hexuma	Q31836939
videogame	Wednesdays_(video_game)	Q135047352
videogame	The_Legend_of_Zelda:_Echoes_of_Wisdom	Q126722717
videogame	AFL_26	Q133883890
videogame	Naruto_Shippuden:_Ultimate_Ninja_Storm_Revolution	Q15268497
videogame	The_Dark_Heart_of_Uukrul	Q4051036
videogame	Outlaw_Volleyball	Q7112134
videogame	Laser_Chess	Q6492983
videogame	Warhammer_40,000:_Dawn_of_War_II_–_Chaos_Rising	Q1051585
videogame	X-COM:_Interceptor	Q675511
videogame	J-Stars_Victory_VS	Q15007953
videogame	Pokémon_X_and_Y	Q2769164
videogame	Crash_Bandicoot:_On_the_Run!	Q97070007
videogame	The_Masked_Rider:_Kamen_Rider_ZO	Q3521809
videogame	Harms_Way	Q5659655
videogame	Peter_Pan_(video_game)	Q107377031
videogame	Full_Auto_2:_Battlelines	Q4039057
videogame	Alcazar:_The_Forgotten_Fortress	Q16245593
videogame	Nancy_Drew:_Sea_of_Darkness	Q19320983
videogame	Conan_Exiles	Q28753362
videogame	Lucid_Blocks	Q135074841
videogame	Blackguards_2	Q20856874
videogame	Who_Killed_Sam_Rupert?	Q7997304
videogame	Euro_Truck_Simulator	Q1648331
videogame	Formula_One_(video_game)	Q8564669
videogame	Worms_Battlegrounds	Q17397540
videogame	Steel_Assault	Q107395021
videogame	99Vidas	Q36690866
videogame	Cosmic_Tunnels	Q42868132
videogame	Formation_Z	Q5470030
videogame	Caves_of_Fear	Q63049694
videogame	Lords_of_Karma	Q6680174
videogame	Silpheed	Q909573
videogame	Yo-Ho_Kablammo	Q8054093
videogame	Red_Eclipse	Q3931423
videogame	Rhapsody:_A_Musical_Adventure	Q16259130
videogame	Musashi_no_Bōken	Q3328277
videogame	K-1_The_Arena_Fighters	Q65118409
videogame	ValiDate:_Struggling_Singles_in_Your_Area	Q116756691
videogame	Johnny_Mnemonic_(video_game)	Q65040587
videogame	Illusion_of_Gaia	Q1658920
videogame	My_Little_Flufties	Q3224683
videogame	Diabolik:_The_Original_Sin	Q3706480
videogame	Wrath_of_the_Gods	Q8037622
videogame	Yie_Ar_Kung-Fu	Q91220
videogame	Lovecraft's_Untold_Stories	Q111420806
videogame	Suspended_(video_game)	Q7649171
videogame	Indiana_Jones_and_the_Infernal_Machine	Q1527683
videogame	Instruments_of_Chaos_starring_Young_Indiana_Jones	Q3152918
videogame	Pixel_Gun_3D	Q57446488
videogame	Superman:_The_Game	Q3504720
videogame	H.U.R.L.	Q16259606
videogame	Etrian_Mystery_Dungeon	Q18702127
videogame	Naughty_Ones	Q2959957
videogame	Stupid_Invaders	Q3008580
videogame	Lost_Kingdoms_II	Q6684088
videogame	Nexuiz	Q1328237
videogame	Pure_Chess	Q4047651
videogame	Powerslide_(video_game)	Q7236849
videogame	Drunken_Robot_Pornography	Q22665430
videogame	Funko_Fusion	Q125706527
videogame	Torvak_the_Warrior	Q21039935
videogame	GT_64:_Championship_Edition	Q3093445
videogame	Apache:_Air_Assault	Q2858083
videogame	Football_Manager_2009	Q2454626
videogame	Quraish_(video_game)	Q18968223
videogame	Lost_Planet_3	Q11051483
videogame	Space_Hulk_(1993_video_game)	Q3492583
videogame	Black_Crypt	Q880202
videogame	Dead_or_Alive_2	Q2332733
videogame	Fisher_Price_Ready_for_School	Q132555971
videogame	Aperture_Desk_Job	Q111018327
videogame	The_History_Channel:_Battle_for_the_Pacific	Q3324472
videogame	Sexy_Poker	Q7458900
videogame	Pepsi_Invaders	Q2069785
videogame	Tainted_Grail:_The_Fall_of_Avalon	Q122825758
videogame	Nautilus_(video_game)	Q6981517
videogame	Breath_of_Fire_6	Q16267699
videogame	Dariusburst	Q5222973
videogame	Poncho_(video_game)	Q30599808
videogame	LittleBigPlanet_PS_Vita	Q685649
videogame	Tamagotchi_Plaza	Q133570166
videogame	Tomb_Raider:_Curse_of_the_Sword	Q2706771
videogame	Dance_Dance_Revolution_Hottest_Party_3	Q5215084
videogame	Beast_Wrestler	Q2892894
videogame	Party_Time_with_Winnie_the_Pooh	Q3569358
videogame	Winning_Post_7_Maximum_2007	Q8025703
videogame	AV-8B_Harrier_Assault	Q4655016
videogame	Watch_Dogs:_Legion	Q64534648
videogame	Corridor_7:_Alien_Invasion	Q2295252
videogame	Gift_(2000_video_game)	Q3105443
videogame	Border_Zone_(video_game)	Q893416
videogame	Flood_(video_game)	Q460403
videogame	Sorcerer's_Kingdom	Q3491156
videogame	Sonic_Runners_Adventure	Q30325583
videogame	Pitfall_II:_The_Lost_Caverns	Q119409477
videogame	Darkspore	Q2662088
videogame	Crush_(video_game)	Q1048989
videogame	Life_Is_Feudal:_MMO	Q34613523
videogame	Sherlock_Holmes_Chapter_One	Q95612551
videogame	Buzz_Aldrin's_Race_Into_Space	Q1018343
videogame	Świrus	Q18432272
videogame	Men_of_War:_Red_Tide	Q16951473
videogame	NBA_Live_96	Q3334248
videogame	Hot_Wheels_Micro_Racers	Q28126680
videogame	Batman:_Rise_of_Sin_Tzu	Q2891460
videogame	Three_Weeks_in_Paradise	Q4051441
videogame	Who_Framed_Roger_Rabbit_(1988_video_game)	Q3667359
videogame	Calvino_Noir	Q39057561
videogame	Shadowmatic	Q20860341
videogame	Sarge_(video_game)	Q7423912
videogame	Phineas_and_Ferb:_Ride_Again	Q4046847
videogame	SimCity_Social	Q2757555
videogame	Commander_Keen_in_Invasion_of_the_Vorticons	Q24808194
videogame	Speedboat_Attack	Q105576480
videogame	Castlevania:_Lament_of_Innocence	Q568115
videogame	Gori:_Cuddly_Carnage	Q120495383
videogame	Dungeon_Siege_II:_Broken_World	Q1056878
videogame	Jelly_Boy	Q3176904
videogame	Thunder_Brigade	Q104760275
videogame	Miracle_Warriors:_Seal_of_the_Dark_Lord	Q6872454
videogame	Dream_Chronicles:_The_Book_of_Water	Q16259447
videogame	GoatUp	Q5575262
videogame	Darby_the_Dragon	Q5222304
videogame	Tracer_(video_game)	Q29964559
videogame	Ultros	Q118645589
videogame	Colin_McRae:_Dirt_2	Q2269831
videogame	Sonic_Chronicles:_The_Dark_Brotherhood	Q546745
videogame	The_Culling_(video_game)	Q23253750
videogame	The_Legend_of_Heroes_III:_Song_of_the_Ocean	Q1038622
videogame	Black_Dawn_(video_game)	Q4920624
videogame	Human_Element	Q16740522
videogame	Pilotwings_(video_game)	Q1305295
videogame	King_Lucas	Q28127335
videogame	Battle_of_the_Bands_(video_game)	Q4872844
videogame	Ariana_and_the_Elder_Codex	Q131952222
videogame	God_Eater_2	Q2887359
videogame	Rampage_Knights	Q17338160
videogame	Might_and_Magic_VI:_The_Mandate_of_Heaven	Q1176842
videogame	Dragon_Ball_Z:_Dokkan_Battle	Q28224681
videogame	Treasures_of_the_Deep	Q2450791
videogame	Jeep_Thrills	Q6172919
videogame	Contra_Force	Q2995918
videogame	Excalibur_2555_AD	Q20829228
videogame	Wings_of_Fury	Q445295
videogame	Medal_of_Honor:_Frontline	Q2226763
videogame	Dirt_Racer	Q5280939
videogame	Gauntlet_III:_The_Final_Quest	Q1895346
videogame	Please,_Don't_Touch_Anything	Q25093977
videogame	Inazuma_Eleven_2	Q1360849
videogame	Wonderland_(video_game)	Q2593002
videogame	Shove_It!_The_Warehouse_Game	Q3482566
videogame	The_Computer_Edition_of_Risk:_The_World_Conquest_Game	Q7727234
videogame	FNaF_World	Q21296963
videogame	Tabletop_Simulator	Q20652409
videogame	Touch_Racing_Nitro	Q117004568
videogame	Dreamcore_(video_game)	Q135032036
videogame	Hydlide	Q7884786
videogame	Wacky_Races:_Starring_Dastardly_and_Muttley	Q4017621
videogame	Bez-MX	Q97191771
videogame	Eco:_East_Africa	Q56063845
videogame	Robotech:_Crystal_Dreams	Q7353397
videogame	Deadlock_II:_Shrine_Wars	Q3020580
videogame	Murder_off_Miami	Q46993155
videogame	Dawn_of_the_Monsters	Q111305541
videogame	Nancy_Drew:_Danger_by_Design	Q4037010
videogame	The_Dark_Spire	Q7729006
videogame	Evel_Knievel_(video_game)	Q113288909
videogame	Galactic_Crusader	Q5517792
videogame	Toem	Q110468743
videogame	Magical_Tree	Q2202691
videogame	NHL_Breakaway_99	Q16266960
videogame	List_of_Metal_Slug_video_games	Q6589973
videogame	Desta:_The_Memories_Between	Q112331964
videogame	Just_Dance:_Disney_Party	Q6315927
videogame	Tokyo_Majin_Gakuen:_Kenpūchō	Q7813932
videogame	The_Adventures_of_Star_Saver	Q7712651
videogame	Obsidian_(1997_video_game)	Q7075517
videogame	Star_Castle	Q3968282
videogame	The_Lord_of_the_Rings:_Return_to_Moria	Q118369580
videogame	Tex_Murphy:_Overseer	Q2376743
videogame	RealSports_Football	Q7301366
videogame	Radiata_Stories	Q3106064
videogame	Hot_Pixel	Q5910225
videogame	Cameltry	Q1028503
videogame	Magic_Meanies	Q6730768
videogame	Get_on_da_Mic	Q5554065
videogame	Far_Cry_New_Dawn	Q59536524
videogame	Williams_Arcade's_Greatest_Hits	Q8020976
videogame	New_Super_Lucky's_Tale	Q106044671
videogame	The_Maze_of_Galious	Q3303109
videogame	WCW_Nitro_(video_game)	Q3564647
videogame	Destiny:_The_Taken_King	Q20992360
videogame	Evidence:_The_Last_Report	Q30590635
videogame	Academy_of_Champions:_Soccer	Q3603898
videogame	Lilly_Looking_Through	Q31679018
videogame	The_Legend_of_Sword_and_Fairy_4	Q10884187
videogame	Shinobi_(2011_video_game)	Q3482280
videogame	Fru_(video_game)	Q28451911
videogame	4_Wheel_Thunder	Q2816955
videogame	Screamer_2	Q3953050
videogame	Trek_to_Yomi	Q111539377
videogame	Command_&_Conquer:_Red_Alert_3_–_Uprising	Q1091551
videogame	Bobby_Fischer_Teaches_Chess_(video_game)	Q121036149
videogame	Majin_Tensei:_Blind_Thinker_II	Q125853626
videogame	Shooty_Skies	Q25104516
videogame	Double_Switch_(video_game)	Q1853876
videogame	Storybook_Weaver	Q7620443
videogame	Recoil_(video_game)	Q4048095
videogame	Hanse_-_Die_Expedition	Q121030317
videogame	S.C.A.T.:_Special_Cybernetic_Attack_Team	Q2491737
videogame	Shizuku_(video_game)	Q7499489
videogame	Final_Zone_II	Q106201302
videogame	Gertrude's_Secrets	Q5553272
videogame	Hoshi_wo_Sagashite...	Q5907997
videogame	American_Dream:_The_Business_Management_Simulation	Q104858724
videogame	The_Evil_Within_2	Q30895910
videogame	MotoGP:_Ultimate_Racing_Technology_3	Q1949714
videogame	Battle_of_the_Planets_(video_game)	Q117382567
videogame	Roundball:_2_on_2_Challenge	Q7371234
videogame	Shusse_Ōzumō	Q18337054
videogame	Microsoft_Flight_Simulator_2024	Q119361120
videogame	Pocket_Mortys	Q22674199
videogame	Buzz!:_The_Pop_Quiz	Q5003483
videogame	MX_2002_featuring_Ricky_Carmichael	Q96391284
videogame	Portugal_1111:_A_Conquista_de_Soure	Q7232534
videogame	He-Man:_Power_of_Grayskull	Q1988536
videogame	Freestyle_Motocross:_McGrath_vs_Pastrana	Q110281285
videogame	Sonic_Racing:_CrossWorlds	Q131436187
videogame	Spellbinder:_The_Nexus_Conflict	Q7575845
videogame	Inkbound	Q122822315
videogame	Pulseman	Q3107409
videogame	Dungeons_&_Dragons:_Order_of_the_Griffon	Q3355409
videogame	OlliOlli	Q16267831
videogame	Mytheon	Q4044787
videogame	Steg_(video_game)	Q12056384
videogame	Attack_of_the_Mutant_Artificial_Trees	Q4817967
videogame	Dragon_Quest_III	Q81288
videogame	Xsyon	Q16267734
videogame	Professor_Layton_and_the_Last_Specter	Q1345124
videogame	Where_the_Bees_Make_Honey	Q122312445
videogame	Gradius_Advance	Q5591947
videogame	Black_Rock_Shooter:_The_Game	Q3640753
videogame	Sam_&_Max_Beyond_Time_and_Space	Q2216367
videogame	High_Seas_Havoc	Q3128710
videogame	Kerbal_Space_Program	Q1471545
videogame	Fire-Brigade:_The_Battle_for_Kiev_-_1943	Q16267587
videogame	Last_Battle_(video_game)	Q1892615
videogame	Phineas_and_Ferb:_Quest_for_Cool_Stuff	Q16742668
videogame	The_Grinch_(video_game)	Q7738299
videogame	Arabian_Fight	Q4783363
videogame	NHL_22	Q107487824
videogame	Icycle:_On_Thin_Ice	Q124066883
videogame	Flyff	Q1138278
videogame	The_Last_Clockwinder	Q112264921
videogame	Sports_Connection	Q17639463
videogame	Torchlight_III	Q56277073
videogame	Iron_Brigade_(video_game)	Q3802089
videogame	Valley_(video_game)	Q28452851
videogame	Pax_Dei_(video_game)	Q117083471
videogame	Tharolian_Tunnels	Q7710801
videogame	Game_&_Watch_Gallery	Q25376969
videogame	Sly_3:_Honor_Among_Thieves	Q1265969
videogame	The_Flower_Shop	Q7734533
videogame	Just_Breed	Q2340591
videogame	Rimrunner	Q25399509
videogame	Shovel_Knight:_Specter_of_Torment	Q76483022
videogame	Elemental_Gearbolt	Q2955928
videogame	Wings_over_Vietnam	Q4020397
videogame	Atlantis_Underwater_Tycoon	Q4816740
videogame	Star_Trek:_Conquest	Q7600963
videogame	On-Court_Tennis	Q2014560
videogame	Earl_Weaver_Baseball_II	Q102349759
videogame	England_International_Football	Q113961847
videogame	Rush'n_Attack:_Ex-Patriot	Q7380667
videogame	Ushio_to_Tora:_Shin'en_no_Daiyō	Q4006617
videogame	Blue_Mars_(video_game)	Q4035233
marriage	Morimitsu_Hosokawa	Q50345107
marriage	Comfort_Sands	Q5151685
marriage	Ibrahim_al-Kurani	Q29514437
marriage	Kanako_Tahara	Q11607272
marriage	Matthew_J._Meade	Q119450975
marriage	Yaroslav_Halan	Q4132223
marriage	Patricia_Bailey-Snook	Q140467086
marriage	Lavinia_B._Sneed	Q61904874
marriage	Clare_West_(costume_designer)	Q3679102
marriage	Hera_Stirling	Q70278769
marriage	Nick_Leggett	Q7027468
marriage	Samuel_C._Florman	Q16090042
marriage	Iván_Cepeda	Q524949
marriage	Theodore_Case	Q3523686
marriage	Victor_Ponta	Q57692
marriage	May_Britt	Q442663
marriage	William_Simms_(instrument_maker)	Q14480522
marriage	Tim_Considine	Q3528611
marriage	Rudolph_Schindler_(architect)	Q78626
marriage	Jimmie_Rodgers	Q366358
marriage	Neil_Parish	Q333714
marriage	Abe_Pollin	Q2821460
marriage	Steven_Pinker	Q212730
marriage	Leslie_O'Brien,_Baron_O'Brien_of_Lothbury	Q6531053
marriage	Robert_Bend	Q7342017
marriage	Beatriz_Rosselló	Q30238575
marriage	Ralph_Edwards	Q708784
marriage	Theodora_Llewelyn_Davies	Q60793591
marriage	Eve_Poole_(author)	Q54338150
marriage	Pierre_Dupuy_(diplomat)	Q3384872
marriage	Bianca_Gonzalez	Q3545750
marriage	Moe_Sihota	Q6890010
marriage	Brian_Moore_(novelist)	Q912791
marriage	Richard_Brilliant	Q19997583
marriage	Júlio_de_Castilhos	Q10313495
marriage	Derek_Tsang	Q1321598
marriage	Julius_W._Becton_Jr.	Q16090239
marriage	Andrew_Faulds	Q4756941
marriage	Jane_Pierce	Q238371
marriage	Pana_Hema_Taylor	Q3977935
marriage	Alba_Fyre	Q24864284
marriage	Gunhild_Stordalen	Q3377726
marriage	Mike_Flanagan_(filmmaker)	Q19668417
marriage	Jane_Baxter	Q1682571
marriage	Jamilah_Gupwell	Q6147788
marriage	Arianna_W._Rosenbluth	Q17395359
marriage	Seda_Sayan	Q525083
marriage	Josef_Beck_(politician,_born_1877)	Q1704281
marriage	Bram_Inscore	Q99593493
marriage	Fiona_Hyslop	Q1418512
marriage	Kate_Hudson	Q169946
marriage	Herbert_Gladstone,_1st_Viscount_Gladstone	Q2347324
marriage	Toni_Adams	Q7821237
marriage	Leopold_Dippel	Q85194
marriage	Sancho_III_of_Castile	Q315076
marriage	Gustav_von_Wangenheim	Q66097
marriage	Ljubomir_Bandović	Q311618
marriage	Joshua_Caleb_Sutter	Q136026815
marriage	Sigismund_I_the_Old	Q54056
marriage	Gary_Barlow	Q328753
marriage	Ernst_Kitzinger	Q88907
marriage	Jens_Hundseid	Q704836
marriage	Glenda_Ecleo	Q106865803
marriage	Jennifer_Jason_Leigh	Q232902
marriage	Lee_Kuan_Yew	Q131248
marriage	Joelma_(singer)	Q10307615
marriage	William_Bent_Berczy	Q15490778
marriage	David_Carnegie,_1st_Earl_of_Southesk	Q3703133
marriage	Gerda_Nicolson	Q4969363
marriage	Sam_Gilliam	Q2216478
marriage	Hugo,_3rd_Prince_of_Windisch-Graetz	Q12791177
marriage	Mina_Fukui	Q4260595
marriage	Radcliffe_Bailey	Q22275399
marriage	Christopher_John_O'Neill	Q22279496
marriage	Guy_of_Lusignan	Q294192
marriage	Sonia_Kapoor	Q16730579
marriage	Kate_Humble	Q6375552
marriage	Drew_Scott	Q23881720
marriage	Jessica_Mendoza	Q3130679
marriage	James_Urbaniak	Q6144533
marriage	Morakot_Sangtaweep	Q3862825
marriage	Jill_Eikenberry	Q442193
marriage	Selam_Tesfaye	Q56850059
marriage	Marjorie_Pratt,_Countess_of_Brecknock	Q6766325
marriage	Zachery_Ty_Bryan	Q139697
marriage	Kimberly_Quinn_(journalist)	Q1741632
marriage	Constance_of_Normandy	Q2994836
marriage	Doreen_Dodick	Q5297657
marriage	Ariel_Dorfman	Q659027
marriage	Henry_U._Harder	Q138508403
marriage	Terry_Farrell_(actress)	Q258612
marriage	Megumi_(actress)	Q6809160
marriage	Zeena_Schreck	Q3182973
marriage	Mac_Abbott	Q6722175
marriage	Michelle_Friedland	Q16213955
marriage	Maria_Leopoldina_of_Austria	Q84239
marriage	Hoyan_Mok	Q5922820
marriage	William_H._Peck	Q15491919
marriage	Pepe_Navarro_(journalist)	Q5494546
marriage	Mustafa_Ali	Q28382625
marriage	Emmanuel_Evans-Anfom	Q5415879
marriage	J._P._Martin	Q6106686
marriage	Reginald_Graham	Q7528529
marriage	K._Alex_Müller	Q122298
marriage	Lecretia_Seales	Q20047015
marriage	Donald_M._Blinken	Q84323643
marriage	Marcel_Vincent	Q6756248
marriage	Denitsa_Siderova	Q12277871
marriage	Eva_Gonzalès	Q464300
marriage	Ayesha_Takia	Q158450
marriage	Jean_Smart	Q239069
marriage	Friedrich_Karl_Ludwig,_Duke_of_Schleswig-Holstein-Sonderburg-Beck	Q62109
marriage	Ann_Fagan_Ginger	Q4766391
marriage	Paul_King_(VJ)	Q1403519
marriage	Talisa_Soto	Q81131
marriage	Paul_Desmarais_Jr.	Q3371058
marriage	Nina_Quartero	Q3877059
marriage	Hatice_Sultan_(daughter_of_Ahmed_III)	Q77676
marriage	James_Day_(journalist)	Q6132450
marriage	Cristina_Fernández_de_Kirchner	Q40649
marriage	Pyotr_Vyazemsky	Q19425
marriage	Elizabeth_Savalla	Q527108
marriage	Olivia_Poulet	Q7088089
marriage	Louis_W._Sauer	Q6688354
marriage	Jackson_Rathbone	Q223854
marriage	Samantha_Cameron	Q2636948
marriage	Bibhu_Prasad_Tarai	Q4903005
marriage	Bud_Fisher	Q1000471
marriage	Harry_Chronister	Q138808686
marriage	Vivienne_Baber	Q109920262
marriage	Theodore_C._Pilcher	Q16059355
marriage	Kim_Keon_Hee	Q107805133
marriage	Alfred_H._Love	Q4722768
marriage	Gleb_Krzhizhanovsky	Q944478
marriage	F._N._Souza	Q5482041
marriage	Joyce_Giraud	Q3187229
marriage	Lisa_Colagrossi	Q6557880
marriage	Caroline_Waldegrave,_Lady_Waldegrave_of_North_Hill	Q5045248
marriage	Patricia_C._Frist	Q20740701
marriage	Charles_Alexander,_Duke_of_Württemberg	Q61946
marriage	Frederick_E._Vollrath	Q19981107
marriage	Yoshiko_Sakuma	Q11382739
marriage	Martha_Morton	Q6774502
marriage	Hugh_De_Lacy_(politician)	Q1634282
marriage	Alfred_C._Redfield	Q4722412
marriage	Dan_Rostenkowski	Q963898
marriage	Alyssa_Adams	Q23542554
marriage	Akshata_Shete	Q18921305
marriage	Robert_W._Fish	Q133183346
marriage	Indré_Rockefeller	Q118188314
marriage	Kate_Forbes	Q24039479
marriage	Sylvia_Holland	Q3507221
marriage	Delfim_Moreira	Q382830
marriage	Amos_Elon	Q329124
marriage	Abe_Burrows	Q318138
marriage	Abyss_(wrestler)	Q165350
marriage	Zoë_Lund	Q1432551
marriage	Sabu_(wrestler)	Q445365
marriage	Lucy_Porter	Q6698467
marriage	Deborah_Fraser	Q5248243
marriage	Tanee_McCall	Q7682541
marriage	Sam_Torrance	Q1360466
marriage	Catherine_of_York	Q461227
marriage	Fenia_Chertkoff	Q5858672
marriage	Peter_Railton	Q429743
marriage	George_E._Matthews	Q21664447
marriage	Genevieve_Clark_Thomson	Q23619364
marriage	Fintan_Meyler	Q16019152
marriage	Leon_Brittan	Q332607
marriage	Maryam_Zakaria	Q6781094
marriage	David_G._Schaeffer	Q102193803
marriage	Jeannette_Walls	Q518084
marriage	Jedediah_Huntington	Q3176357
marriage	Lawrence_Tibbett	Q940686
marriage	Dan_Glickman	Q370213
marriage	Simonetta_Stefanelli	Q1147417
marriage	Elijah_Blue_Allman	Q1329372
marriage	Budd_Schulberg	Q562874
marriage	Anneliese_van_der_Pol	Q233697
marriage	Densey_Clyne	Q5259321
marriage	Charles_G._Francklyn	Q59588852
marriage	Robin_Grammer_Jr.	Q55641607
marriage	Jules_Patenôtre_des_Noyers	Q1711745
marriage	Daniel_Roebuck	Q552031
marriage	Isabelle_Ahearn_O'Neill	Q25983085
marriage	Peter_O'Malley	Q7176181
marriage	Barbara_Stanwyck	Q94002
marriage	LadBaby	Q60048901
marriage	Jeff_Smith_(chef)	Q6175000
marriage	Martin_Donnelly_(racing_driver)	Q171528
marriage	Helen_Binney_Kitchel	Q104828322
marriage	Marina_Doria	Q439868
marriage	Sanah_(singer)	Q85868033
marriage	Pankaj_Singh_(politician)	Q16217622
marriage	Carol_Bruce	Q5044274
marriage	John_Pritzker	Q16185535
marriage	Sir_Charles_Wake,_10th_Baronet	Q76169109
marriage	Courteney_Cox	Q58912
marriage	Benjamin_Giezendanner	Q61196213
marriage	Estus_Pirkle	Q5401927
marriage	Mike_Medavoy	Q726166
marriage	Mylla_Christie	Q3661062
marriage	Alison_Bechdel	Q435032
marriage	William_McMaster_(businessman)	Q18559420
marriage	Rebekah_Neumann	Q66459247
marriage	Jim_Hoagland	Q5808144
marriage	G._Kemble_Bennett	Q75939357
marriage	Ken_Bloom_(physicist)	Q30122402
marriage	Anthony_Hopkins	Q65932
marriage	Jack_Shoemaker	Q20985417
marriage	Amelia_Herrera	Q5672323
marriage	Frank_Elbridge_Webb	Q133269674
marriage	Fitz_Eugene_Dixon_Jr.	Q5455545
marriage	George_M._Dallas	Q310849
marriage	Rima_Melati	Q6108912
marriage	Elizabeth_Cutter_Morrow	Q5362653
marriage	Patrick_Adiarte	Q11329081
marriage	Nicolae_Voinov	Q18549238
marriage	Betsy_Rue	Q458582
marriage	Maurice_Benard	Q6792865
marriage	John_Gidding	Q6235275
marriage	Melvin_Day	Q6813952
marriage	Joe_Walsh_(Irish_politician)	Q1691642
marriage	Shirley_Eaton	Q434900
marriage	Philip_IV_of_France	Q130969
marriage	Sir_Tristram_Beresford,_3rd_Baronet	Q7529335
marriage	Arlen_Specter	Q363055
marriage	Ronald_Tree	Q7365334
marriage	Emperor_Horikawa	Q464267
marriage	John_C._Calhoun	Q207191
marriage	Arturo_García_Bustos	Q715258
marriage	Sarah_Yorke_Jackson	Q444561
marriage	Ross_Adams	Q7369167
marriage	Shubhangi_Atre	Q7504566
marriage	Charles_Moore,_1st_Marquess_of_Drogheda	Q4307609
marriage	Marta_Żmuda_Trzebiatowska	Q2509820
marriage	Roberto_Lavagna	Q2832959
marriage	Prince_Bernhard_of_Orange-Nassau,_van_Vollenhoven	Q1878458
marriage	Rosemary_LaPlanche	Q3941460
marriage	Arun_Kumar_Saxena	Q22006074
marriage	Sonia_Chadwick_Hawkes	Q27685196
marriage	Ray_E._Dillon_Jr.	Q124098378
marriage	Louis_III,_Grand_Duke_of_Hesse	Q57508
marriage	Anna_Luther	Q4767255
marriage	Ebenezer_Pemberton	Q60764427
marriage	Fernando_de_la_Rúa	Q295007
marriage	Frank_Bonner	Q5485376
marriage	Adam_Curry	Q349039
marriage	Tomoko_Yamaguchi	Q1054620
marriage	Buzzy_Cohen	Q108096527
marriage	Hans_von_Halban	Q113737
marriage	Duchess_Louise_Charlotte_of_Mecklenburg-Schwerin	Q61781
marriage	Arnold_Tilanus	Q2555339
marriage	Rosario_Marin	Q7367401
marriage	Tom_Hanks	Q2263
marriage	David_Heath_(politician)	Q673199
marriage	Jung_Yoo-min	Q113389136
marriage	Jeannie_Suk	Q6172378
marriage	Richard_L._Simon	Q7327207
marriage	Ragini_Sonkar	Q111249850
marriage	Jesse_M._Lee	Q110915365
marriage	Reina_Triendl	Q9049948
marriage	John_Garfield	Q367053
marriage	Roland_Culver	Q458755
marriage	Bruce_Heyman	Q16729807
marriage	Patton_Brothers	Q7148631
marriage	Charlotte_Johnson_Wahl	Q16106302
marriage	Thomas_Sergeant_Perry	Q16981941
marriage	Gino_Corrado	Q5563216
marriage	Bairbre_Dowling	Q2879967
marriage	Fidel_Castro_Díaz-Balart	Q19917949
marriage	Leen_Donker	Q6516359
marriage	Joseph_James_DeAngelo	Q4045981
marriage	Israel_Frenkel	Q104632287
marriage	Jerry_Relph	Q28001421
marriage	Natsupoi	Q11522592
marriage	Alexander_Bannerman	Q4718301
marriage	Heinz-Harald_Frentzen	Q76720
marriage	Seth_Rudetsky	Q7456590
marriage	King_C._Gillette	Q314000
marriage	Susan_Lakot	Q61696432
marriage	Robert_DeCourcy_Ward	Q15430967
marriage	Maude_Edith_Victoria_Fleay	Q51108626
marriage	Samantha_Boscarino	Q456348
marriage	Friedrich_Christian,_Margrave_of_Meissen	Q62265
marriage	Patty_Marie_Stinson	Q60639127
marriage	Carrie_Perrodo	Q18640017
marriage	Alisa_Valdes	Q4726938
marriage	Anuradha_Patel	Q4777879
marriage	Donald_W._Duncan	Q5295251
marriage	Charles_R._Boardman	Q5082217
marriage	John_J._Hemphill	Q473330
marriage	Fred_Farr	Q119522917
marriage	Stanley_Tucci	Q223117
marriage	Law_Kar-ying	Q837654
marriage	E._O._Excell	Q5322075
marriage	Olga_von_Root	Q113585698
marriage	Ravi_Zacharias	Q1399671
marriage	Michael_Easton	Q3308174
marriage	Liza_Pulman	Q6660424
person	Matthew_Koon	Q6790824
person	Victor_Rasuk	Q977023
person	Sylvie_Oussenko	Q3507379
person	Georgina_Temperley	Q116618827
person	Noboru_Ishiguro	Q1187981
person	Agneta_Ekmanner	Q4946168
person	Veneta_Krasteva	Q31192319
person	Alphons_Leopold_Mielich	Q21481887
person	Yasmin_Angoe	Q111487465
person	Rodger_Dean_Duncan	Q7356720
person	Jarred_McGinnis	Q122727301
person	Khalid_Amin	Q107550397
person	Martin_Roth_(psychiatrist)	Q6776487
person	Christabel_Robinson	Q5109043
person	Jennifer_O'Dell	Q290598
person	Agata_Biernat	Q48853741
person	Rose_Paterson	Q75357575
person	Eduard_Bird	Q65553046
person	Kathryn_Sansone	Q6377121
person	William_Stevens_(writer)	Q8018799
person	Norman_J._Grossfeld	Q3878466
person	Antonia_Bird	Q1646013
person	Michael_Ward_(economist)	Q3308573
person	Sándor_Csányi_(banker)	Q375541
person	Stella_Cornelius	Q109887099
person	Prasant_Murali	Q134884269
person	Quentin_Van_Meter	Q93370307
person	Max_Fabiani	Q597895
person	Scott_Sanders_(producer)	Q7437195
person	Eustace_Conway	Q5414297
person	François_Bloemhof	Q5493191
person	Robert_Huttenback	Q7345742
person	Roy_Peter_Clark	Q7373255
person	Valery_Larbaud	Q135640
person	Dimas_Gimeno	Q18223396
person	Thom_Hannum	Q7790395
person	Jerome_Chazen	Q6182622
person	Kishvari	Q12840962
person	Adam_Badowski	Q85858788
person	William_A._Norton	Q8004699
person	Tibor_Molnár	Q1178759
person	Virgil_Popa	Q24265697
person	Frederik_Christian_Winsløw	Q6244483
person	Jamal_Shibasaki	Q126195240
person	Claudio_Palma	Q5772069
person	Murder_of_Pınar_Gültekin	Q97584637
person	Simon_Hattenstone	Q28474619
person	Suratman_Markasan	Q119170406
person	Ed_Liddy	Q2791632
person	William_Kempster_(mason)	Q133054892
person	Cheryl_Pollak	Q15699346
person	Katherine_Elizabeth_Krohn	Q6376360
person	Samuel_C._Mills	Q7411042
person	Ted_Graber	Q24398773
person	J._D._Chakravarthy	Q6105225
person	Richard_Van_Camp	Q16211099
person	Imed_Trabelsi	Q3148988
person	James_S._Kinnear	Q6142646
person	Phillip_Barker_(film_director)	Q3381070
person	Daniel_Faitaua	Q16207775
person	C._J._Freezer	Q5006544
person	Vadym_Adamyan	Q4057382
person	Clarita_de_Uriburu	Q47485660
person	Laura_P._Spinadel	Q21144748
person	Brahim_Zaibat	Q16533866
person	Misa_Uehara	Q3316207
person	Suzanne_Royce	Q101778953
person	G._L._Pierce	Q132128567
person	Thando_Thabethe	Q23541248
person	Jay_Howell_(illustrator)	Q106306938
person	Vanida_Imran	Q7914895
person	Sven_Delblanc	Q706445
person	Mladen_Delić	Q1252730
person	Ashley_Bickerton	Q4805366
person	Gemma_Cruz-Araneta	Q1704229
person	Robin_Gibson_(architect)	Q7352415
person	Carlotta_Vagnoli	Q136101089
person	Disappearance_of_Evelyn_Hartley	Q136728875
person	Todd_Downing_(writer)	Q111477426
person	Messoud_Ashina	Q31305496
person	Cho_Seon-jak	Q5103382
person	Craig_E._Williams	Q5180919
person	Simão_da_Silva_Ferraz_de_Lima_e_Castro	Q10371771
person	Eric_Mabius	Q313652
person	Bobby_Rice	Q21063867
person	Cicely_Hey	Q56071316
person	Yvonne_Nelson	Q8062489
person	Abdón_Calderón_Garaycoa	Q317994
person	Agnes_Patemba	Q133262491
person	Jim_Hougan	Q6195749
person	William_Jameson_(religious_controversialist)	Q18672853
person	Filippo_De_Filippi_(explorer)	Q3745174
person	Sam_Phillips_(English_actor)	Q20685137
person	John_Howard_Northrop	Q106399
person	Mary_Blanchard_Lynde	Q30013296
person	John_Hamilton_Reynolds	Q6069476
person	Lou_Rappaport	Q136361782
person	Naima_El_Bezaz	Q2753247
person	Eduardo_Masferré	Q5340687
person	Spencer_J._Palmer	Q7576093
person	Dinu_Nicodin	Q5278751
person	O._C._Onwudike	Q111043910
person	Baladeba_Ratha	Q15527673
person	Richard_Lawrence_(failed_assassin)	Q2912001
person	Gina_Tognoni	Q529670
person	Chuck_Brymer	Q16206160
person	Mafia_Kajita	Q11340807
person	Samara_Golden	Q23415354
person	Tomasz_Rejek	Q4353697
person	Ioan_Gheorghe_Savin	Q20432754
person	Anna_Maria_Lawatsch	Q131693006
person	Robert_Wagner	Q310493
person	Eugene_Lee_(actor)	Q5407432
person	Eric_Mottram	Q5387142
person	Joel_Mark_Noe	Q6213720
person	Norah_Jolliffe	Q117021594
person	Katie_McGlynn	Q16586394
person	R.V._Ramani	Q27733922
person	Song_Shi_(skier)	Q43388547
person	Andon_Dimitrov	Q462620
person	Lady_Mary_Wortley_Montagu	Q235121
person	Ki-Ke-In	Q6403548
person	Dina_Stars	Q107736900
person	Nishita_Goswami	Q17605971
person	John_Baker_(stained_glass_artist)	Q115182786
person	Scheaffer_Okore	Q52450763
person	Espérance_Langlois	Q3058592
person	Nelly_Vuksic	Q42559060
person	Meraj_Khalid_Noor	Q6817909
person	Monal_Naval	Q6897927
person	Terence_Hopkins	Q45829415
person	Karol_Olgierd_Borchardt	Q11736231
person	Olesia_Vlasova	Q19820246
person	Melvino_Garretti	Q68621416
person	John_Birdsall_(writer)	Q140467782
person	Larry_Glover	Q6490385
person	Khalekdad_Chowdhury	Q16345302
person	Henry_Hodgkin	Q21754138
person	Tim_Piper	Q7804115
person	Edward_Granville_Browne	Q982047
person	Polybius	Q131169
person	Louis-François_Bertin_de_Vaux	Q3261929
person	Filip_Tysander	Q38458378
person	Corneille_Guillaume_Beverloo	Q469335
person	Eric_Laithwaite	Q125819
person	George_Pettibone	Q5543375
person	Pam_O'Neill	Q137295440
person	Helen_S._Woodruff	Q74698102
person	Mohammad_Alavi_Gorgani	Q6891747
person	M._Shayne_Bell	Q6713161
person	Venky_Kudumula	Q93626517
person	Ryō_Noda	Q2178380
person	Leah_Penniman	Q30672861
person	Ernestine_Fu	Q21933498
person	Iola_Gregory	Q25558146
person	Ramona_Hernández	Q43268937
person	Melvin_Cohn	Q55238748
person	David_Danzmayr	Q15804781
person	Dennis_D._Buss	Q130378741
person	Tigellius	Q3991246
person	Eric_Carle	Q606557
person	Geco_(artist)	Q102037616
person	Herbert_Basedow	Q1556647
person	S._R._Rana	Q7387791
person	Yumiko_Kurisu	Q23414826
person	Hans_Vontobel	Q1582902
person	Hermione_(Hennessy)_Ross	Q21063863
person	Mikhail_Gluzsky	Q1396888
person	Phoebe_Davies	Q7186662
person	John_Grillo	Q6236425
person	Hu_Renyu	Q9328830
person	Chelsie_Baham	Q128450737
person	Phùng_Quán	Q7189865
person	Hewahewa	Q75186256
person	Margaret_Loomis	Q62398938
person	Umar_Faruq_Abd-Allah	Q106977913
person	Walter_Tennyson_Swingle	Q378863
person	Amon_Kotei	Q4747518
person	René_Villiger	Q1248199
person	Sung_Jae-gi	Q4688112
person	Vance_Colvig	Q4008485
person	Murder_of_Betty_Van_Patter	Q3398736
person	Matthew_Bright	Q3299677
person	Emanuel_Papper	Q16015467
person	Arthur_Burnett_Benton	Q24203374
person	Percyval_Tudor-Hart	Q21463332
person	Arnold_Busck	Q12302192
person	Anton_Korinek	Q41805533
person	Domenico_Grasso	Q5290100
person	Tamara_Ustinov	Q2391246
person	Tommy_Saxton	Q7819836
person	Robert_Kinkead	Q79054400
person	Richard_Watts_Jr.	Q7329848
person	Menahem_Mendel_Beilis	Q814751
person	Peter_Mensch	Q7175850
person	Jared_Fogle	Q6159960
person	Yohana_Cobo	Q299023
person	Lot_Flannery	Q19666914
person	Kirsten_Gronfield	Q6416083
person	Vladimir_Zeeler	Q4190132
person	Bagha_Jatin	Q2929252
person	Hamaguchi_Goryō	Q5586998
person	Gus_Reyes	Q5620754
person	Michael_Handel	Q98442668
person	Sinclair_Hood	Q15994746
person	Lilyan_Tashman	Q1755508
person	Lothar_Lindtner	Q5958936
person	Daya_Reddy	Q61046066
person	Abraham_Maslow	Q23357
person	Monique_Watteau	Q3320947
person	Ferial_Karim	Q12230670
person	Hermann_Hoth	Q57150
person	Zarrar_Shah	Q16191245
person	Madhu_(actor)	Q277417
person	Jennifer_Crusie	Q3177043
person	Anthony_James_(actor)	Q4772822
person	Nashid_Kamal	Q23887955
person	Archibald_Montgomerie,_16th_Earl_of_Eglinton	Q4786456
person	Jeffrey_L._Fisher	Q6176111
person	Anders_Olsson_(writer)	Q382714
person	Ranjan_Bezbaruah	Q107539943
person	Georges_Dansaert	Q3102544
person	Struan_Sutherland	Q7624951
person	Kateřina_of_Komárov	Q12028968
person	John_L._Jinks	Q15452930
person	Prasad_Jawade	Q114442864
person	Sameer_Rajda	Q7409252
person	Mohammed_Fairouz	Q6893076
person	Mubarak_Qazi	Q122682766
person	Tamir_Ginz	Q27940480
person	Juliana_Mansvelt	Q109756650
person	Emi_Fontana	Q16729041
person	Anthony_Sharpe	Q29168147
person	John_D'Agata	Q3181307
person	Kirstyn_McDermott	Q6416188
person	Carey_K._Anders	Q89228346
person	Zuhur_Wanasi	Q12214716
person	Suresh_Urs	Q17010982
person	Adam	Q70899
person	Soga_Ryōjin	Q6606915
person	Maria_Martinetti	Q43133928
person	Joseph_(art_model)	Q62273549
person	Aileen_S._Kraditor	Q18350569
person	Leonhard_Harding	Q1230216
person	Paula_Wilcox	Q2296482
person	RJ_Joed_Almeida	Q123684415
person	Albert_Hopoate_(rugby_league,_born_2001)	Q99394786
person	Shafqat_Cheema	Q7461073
person	William_Thetford	Q6207562
person	Charles_César_Baudelot_de_Dairval	Q2958826
person	Alex_Woolf	Q2623134
person	J._J._Colledge	Q4227953
person	Avantika_Hundal	Q24929784
person	Morris_Winchevsky	Q6913945
person	Esther_J._Walls	Q63101465
person	Dennis_MacDonald	Q5258681
person	Deirdre_Lovejoy	Q512105
person	Bryan_Okwara	Q5995824
person	J.J._Wright_(composer)	Q116873185
person	John_Archibald_Wheeler	Q202631
person	Dean_Brelis	Q16017342
person	Henri_Sagna	Q3131970
person	Anthony_Hancock_(publisher)	Q4772665
person	Wendy_Hui_Kyong_Chun	Q23883713
person	Jonathan_Newman	Q6274003
person	Jake_West_(basketball)	Q137891928
person	Martin_Petit	Q3295592
person	Maggie_MacDonnell	Q30902228
person	Mary_Ellen_Kay	Q20684323
person	Marc_Riboud	Q702625
person	Tommy_Suharto	Q3177695
person	Nick_Bradbury	Q18156722
person	Killing_of_Hevrin_Khalaf	Q70593695
person	Johnny_Sandelson	Q16204611
person	John_Finlay_(poet)	Q6233163
person	Missy_Hyatt	Q6879951
person	Antonio_Galloni	Q4776634
person	Graham_Wellesley,_8th_Earl_Cowley	Q5593346
person	Ahmed_Rajib_Haider	Q15993046
person	William_Edwin_Brooks	Q4357234
person	Moira_McLean	Q6894733
person	Murder_of_Susanna_Feldmann	Q54864922
person	Lisa_Peluso	Q3833364
person	James_LeVoy_Sorenson	Q6137883
person	Joseph_L._Mayer	Q17060685
person	Daksha_Nagarkar	Q110263023
person	Travis_Burns_(actor)	Q21573834
person	Samuel_Philip_Sadtler	Q7412394
person	Roger_Wakimoto	Q7359076
person	Ellen_Baumler	Q132994731
person	Cyrus_Nowrasteh	Q1148979
person	Charles_"Sis_Doc"_Richardson	Q118601320
person	Stu_Silver	Q16885679
person	Olga_Dahl	Q4943920
person	Peter_Smith_(rugby_league,_born_1955)	Q7177005
person	Wynne_Evans	Q8040207
person	Leff_Lefferts	Q131900781
person	Kurt_Aland	Q61806
person	Zhu_Senyuan	Q9192834
person	Ralph_Beebe_Blackman	Q7287233
person	Adam_Ray	Q62278881
person	Bhadran_(director)	Q4900560
person	Allen_Stroud	Q30502103
person	Myriam_Benraad	Q19543935
person	Måns_Mårlind	Q1335855
person	Abraham_Yizhaki	Q125768459
person	Ian_Lee_(journalist)	Q25991771
person	Charles_Sanna	Q63119726
person	Hildegarde_Swift	Q16159816
person	Erich_Huzenlaub	Q18222324
person	Enrique_Ojeda_(scholar)	Q20737732
person	Martha_D._Lincoln	Q64702067
person	Erle_C._Kenton	Q219499
person	Sally_Malcolm	Q7405214
person	Tamara_Geraldine	Q13097657
person	Ouida	Q258001
person	Aude_Jessemin	Q28092381
person	Marmaduke_Stalkartt	Q6772059
person	Brigit_Pegeen_Kelly	Q4967872
person	Jim_Treliving	Q6198577
person	Tom_B.K._Goldtooth	Q20311855
person	Anthony_Eustrel	Q4772462
person	Christoph_Zeller	Q24005061
person	Michael_Hui	Q1346638
person	Murder_of_Hanifa_Abubakar	Q137782819
person	Ben_Cashdan	Q16727448
person	Robert_Rägastik	Q85996387
person	Elizabeth_Miller_(geologist)	Q61697864
person	Shaoli_Mitra	Q7489164
person	Mary_Jo_Markey	Q1621602
person	Baadal_Nanjundaswamy	Q20630533
person	Ethel_Percy_Andrus	Q5403185
person	Chun_Wai_Chan	Q113728376
person	Karl_T._Pflock	Q3193442
person	Walter_Ladengast	Q85718
person	Srinivas_Sunderrajan	Q19668522
person	Pavel_Vrublevsky	Q3701940
person	Charles_Morton_(librarian)	Q5081119
person	José_Isbert	Q965469
person	Erin_Wilhelmi	Q28507839
person	Charles_F._Bloszies	Q137176373
person	Gustavo_Pérez_Firmat	Q5621465
person	Lex_Greensill	Q105822664
person	Doreen_Lorenzo	Q22004097
person	David_Mura	Q5237816
person	Joe_Navarro	Q6211520
person	Richard_S._Johnson_(artist)	Q7328820
person	Mikheil_Tsereteli	Q637822
person	Hooman_Tavakolian	Q52859523
person	Jerry_Kaplan	Q16151794
person	Christian-Joseph_Guyonvarc'h	Q2964991
person	Gholamreza_Emrani	Q6562788
person	Dang_Hyang_Nirartha	Q5215934
person	Victoria_Gray_Adams	Q7926737
person	K._N._T._Sastry	Q6323675
person	Frederick_German	Q112663066
person	Sadrac_González-Perellón	Q3071694
person	Stella_Thomas	Q7607143
person	Stephen_Kaplan_(paranormal_investigator)	Q3973194
person	Dianne_Kirksey	Q57300685
person	John_Cornelius_(pirate)	Q42325142
person	Bert_Williams	Q2397929
person	Wolf_Messing	Q730360
person	David_Crosthwait	Q5011735
person	Abimbola_Alale	Q28056550
person	Nassima_el_Hor	Q6967667
person	Jules_de_Balincourt	Q1711767
person	Mary_Matsuda_Gruenewald	Q94383519
person	James_Cary_(writer)	Q6131115
person	Claire_Weekes	Q5125352
person	Gelia_T._Castillo	Q107578746
person	Aya_Mouallem	Q111782065
person	Shirley_Kurata	Q116394397
person	Henri_Gradis	Q13483020
person	Zhu_Yingfu	Q11094691
person	James_Maxey	Q16204740
person	Stefan_Hüfner	Q2336591
person	Anthony_Acevedo	Q50669337
person	Jacques_Gamblin	Q1352534
person	Abu_Ubayda_Muslim_ibn_Abi_Karima	Q6820619
person	Peter_Alexander_(Shakespearean_scholar)	Q19325105
person	Peter_van_der_Fluit	Q16195375
person	Omar_Kingsley	Q22670596
person	John_Allen_(pioneer)	Q15443087
person	Sri_Lakshmi_(actress)	Q7585876
person	Robert_O._Peters	Q24565090
person	Tanzeem_Choudhury	Q47483306
person	Jim_Moir	Q706351
person	Chris_Carmack	Q539654
person	Bahadur_Khan_Bangulzai	Q4842246
person	Oh_Woo-jin	Q20445184
person	Charles_Negy	Q87673149
person	Francesca_Verones	Q56409287
person	Lucy_Kennedy_Miller	Q107526284
person	Esther_Eillam	Q6772337
person	Nani_Darnell	Q6963592
person	Henry_Horace_Williams	Q5723234
person	Abner_Biberman	Q129386
person	Terence_Chang	Q7701861
person	Shomu_Nobori	Q4321817
